event_id,cluster_id,acq_date,acq_time,satellite,instrument,latitude,longitude,daynight,bright_ti4,bright_ti5,delta_ti4_ti5,frp,confidence,scan,track,nearest_industry_distance_m,industries_within_500m,industries_within_1km,industries_within_2km,NDVI,NDBI,NDWI,cluster_event_count,cluster_unique_dates,cluster_span_days,persistence_summary,nearest_industry_name,nearest_man_made,nearest_power,osm_context_summary,candidate_class,candidate_evidence_summary,evidence_confidence,validation_action_required,annotator_id,annotator_notes,final_label,label_status
FIRMS_0001,0,2026-03-01,08:59,N20,VIIRS,22.91167,72.26035,1,343.98,302.65,41.33,5.18,n,0.34,0.56,5783.87,0,0,0,0.2971230158730158,0.0405430196294257,-0.3763157894736842,2,1,0,"Moderate Persistence (2 detections across 1 dates, 0d span)",,,,Landuse: industrial,Other Thermal Source,"Remote from industrial infrastructure (5784m, 0 industries in 1km), rural/agricultural spectral profile (NDVI 0.30, NDBI 0.04), single/episodic burn.",Medium,Verify agricultural plot boundary or open field context on satellite imagery.,SAMPAD_R,"Cluster 0: Remote rural clearing 5.8km from industry, NDVI (0.297), single-day daytime rural burn.",Other Thermal Source,Validated
FIRMS_0002,0,2026-03-01,08:59,N20,VIIRS,22.91384,72.25944,1,344.78,302.11,42.67,4.83,n,0.34,0.56,5537.88,0,0,0,0.6282404853833425,-0.1596935769004125,-0.5718849840255591,2,1,0,"Moderate Persistence (2 detections across 1 dates, 0d span)",,,,Landuse: industrial,Other Thermal Source,"Remote from industrial infrastructure (5538m, 0 industries in 1km), rural/agricultural spectral profile (NDVI 0.63, NDBI -0.16), single/episodic burn.",High,Verify agricultural plot boundary or open field context on satellite imagery.,SAMPAD_R,"Cluster 0: Remote rural clearing 5.5km from industry, high NDVI (0.628), negative NDBI (-0.160), single-day daytime rural burn.",Other Thermal Source,Validated
FIRMS_0003,1,2026-03-03,08:21,N20,VIIRS,22.85421,72.43613,1,339.01,307.47,31.54,2.23,n,0.38,0.36,3044.03,0,0,0,0.3535741737125288,0.0675138999205718,-0.4583850931677019,1,1,0,Transient / Single Occurrence (1 detection),,,,Landuse: industrial,Other Thermal Source,"Remote from industrial infrastructure (3044m, 0 industries in 1km), rural/agricultural spectral profile (NDVI 0.35, NDBI 0.07), single/episodic burn.",Medium,Verify agricultural plot boundary or open field context on satellite imagery.,,,Unknown,Needs Human Validation
FIRMS_0004,2,2026-03-04,08:02,N20,VIIRS,23.12461,72.55163,1,345.69,315.97,29.72,10.64,n,0.54,0.42,2390.24,0,0,0,0.3190229459659511,0.1849988566201692,-0.4452554744525547,1,1,0,Transient / Single Occurrence (1 detection),,,,Landuse: industrial,Ambiguous (Review Required),"Intermediate proximity (2390m) or mixed spectral signals (NDVI 0.32, NDBI 0.18, FRP 10.64MW).",Ambiguous,Perform comprehensive multi-temporal optical imagery inspection (Sentinel-2 / Google Earth) to determine site activity.,,,Unknown,Needs Human Validation
FIRMS_0005,3,2026-03-04,20:30,N20,VIIRS,22.95972,72.54742,0,309.14,298.47,10.67,1.77,n,0.57,0.43,1091.39,0,0,5,0.1682191780821917,0.149920255183413,-0.2984165651644336,4,3,54,"Moderate Persistence (4 detections across 3 dates, 54d span)",Piplaj,,,Name: Piplaj; Landuse: industrial,Persistent Industrial Heat,"Multi-date recurrence (3 dates over 54d span in cluster), inside/adjacent to industrial zone (dist 1091m, NDBI 0.15).",Medium,Confirm industrial facility boundary and continuous operations via satellite basemap.,SAMPAD_R,Verified nocturnal operational baseline at Piplaj / Chiripal Industries complex; 54d recurrence.,Persistent Industrial Heat,Validated
FIRMS_0006,4,2026-03-07,21:14,N20,VIIRS,22.97956,72.56829,0,305.71,294.78,10.93,0.97,n,0.42,0.45,175.79,1,3,8,0.1905041031652989,0.0832769126607989,-0.312015503875969,25,21,81,"High Persistence (19 detections across 18 dates, 81d span)",,,,Landuse: industrial,Persistent Industrial Heat,"Multi-date recurrence (21 dates over 81d span in cluster), inside/adjacent to industrial zone (dist 176m, NDBI 0.08).",High,Confirm industrial facility boundary and continuous operations via satellite basemap.,SAMPAD_R,Confirmed chronic nocturnal heat source in industrial estate; 81d recurrence.,Persistent Industrial Heat,Validated
FIRMS_0007,5,2026-03-07,21:14,N20,VIIRS,23.02011,72.61412,0,315.38,296.19,19.19,1.66,n,0.42,0.45,546.81,0,5,14,0.1087363077745124,0.0806380150642445,-0.1644219977553311,1,1,0,Transient / Single Occurrence (1 detection),,,,Landuse: industrial,Ambiguous (Review Required),"Intermediate proximity (547m) or mixed spectral signals (NDVI 0.11, NDBI 0.08, FRP 1.66MW).",Ambiguous,Perform comprehensive multi-temporal optical imagery inspection (Sentinel-2 / Google Earth) to determine site activity.,,,Unknown,Needs Human Validation
FIRMS_0008,6,2026-03-08,08:27,N20,VIIRS,22.86525,72.4506,1,340.32,311.07,29.25,5.14,l,0.4,0.37,4200.8,0,0,0,0.4409409409409409,-0.0611868779948396,-0.5041797283176593,1,1,0,Transient / Single Occurrence (1 detection),,,,Landuse: industrial,Other Thermal Source,"Remote from industrial infrastructure (4201m, 0 industries in 1km), rural/agricultural spectral profile (NDVI 0.44, NDBI -0.06), single/episodic burn.",High,Verify agricultural plot boundary or open field context on satellite imagery.,,,Unknown,Needs Human Validation
FIRMS_0009,7,2026-03-09,08:08,N20,VIIRS,22.91476,72.33144,1,333.45,307.22,26.23,2.35,n,0.46,0.39,4575.02,0,0,0,0.6911018902720147,-0.3640758646336928,-0.5695335900727428,2,1,0,"Moderate Persistence (2 detections across 1 dates, 0d span)",,,,Landuse: industrial,Other Thermal Source,"Remote from industrial infrastructure (4575m, 0 industries in 1km), rural/agricultural spectral profile (NDVI 0.69, NDBI -0.36), single/episodic burn.",High,Verify agricultural plot boundary or open field context on satellite imagery.,SAMPAD_R,"Cluster 7: Remote agricultural cropland 4.6km from industry, high NDVI (0.691), negative NDBI (-0.364), single-day daytime crop residue burn.",Other Thermal Source,Validated
FIRMS_0010,7,2026-03-09,08:09,N20,VIIRS,22.91593,72.32841,1,336.6,308.55,28.05,3.78,n,0.46,0.39,4860.42,0,0,0,0.5455278001611603,-0.1161978661493695,-0.5725608089641979,2,1,0,"Moderate Persistence (2 detections across 1 dates, 0d span)",,,,Landuse: industrial,Other Thermal Source,"Remote from industrial infrastructure (4860m, 0 industries in 1km), rural/agricultural spectral profile (NDVI 0.55, NDBI -0.12), single/episodic burn.",High,Verify agricultural plot boundary or open field context on satellite imagery.,SAMPAD_R,"Cluster 7: Remote agricultural cropland 4.9km from industry, high NDVI (0.546), negative NDBI (-0.116), single-day daytime crop residue burn.",Other Thermal Source,Validated
FIRMS_0011,8,2026-03-09,20:37,N20,VIIRS,22.92537,72.74552,0,318.79,294.29,24.5,1.74,n,0.46,0.39,6588.19,0,0,0,0.2711819389110226,0.0560157790927021,-0.3990061385559778,1,1,0,Transient / Single Occurrence (1 detection),,,,Landuse: industrial,Other Thermal Source,"Remote from industrial infrastructure (6588m, 0 industries in 1km), rural/agricultural spectral profile (NDVI 0.27, NDBI 0.06), single/episodic burn.",Medium,Verify agricultural plot boundary or open field context on satellite imagery.,,,Unknown,Needs Human Validation
FIRMS_0012,4,2026-03-10,20:18,N20,VIIRS,22.983,72.56574,0,318.57,297.05,21.52,3.52,n,0.6,0.53,497.34,1,3,8,0.1246183735775742,0.1474857984430885,-0.2778303374329864,25,21,81,"High Persistence (16 detections across 15 dates, 80d span)",,,,Landuse: industrial,Persistent Industrial Heat,"Multi-date recurrence (21 dates over 81d span in cluster), inside/adjacent to industrial zone (dist 497m, NDBI 0.15).",High,Confirm industrial facility boundary and continuous operations via satellite basemap.,SAMPAD_R,Confirmed chronic nocturnal heat source in industrial estate; 81d recurrence.,Persistent Industrial Heat,Validated
FIRMS_0013,4,2026-03-10,20:18,N20,VIIRS,22.98615,72.56622,0,315.64,296.68,18.96,3.2,n,0.6,0.53,239.19,2,3,8,0.2348268191928821,0.0622586872586872,-0.3340199107449365,25,21,81,"Moderate Persistence (3 detections across 2 dates, 49d span)",,,,Landuse: industrial,Persistent Industrial Heat,"Multi-date recurrence (21 dates over 81d span in cluster), inside/adjacent to industrial zone (dist 239m, NDBI 0.06).",High,Confirm industrial facility boundary and continuous operations via satellite basemap.,SAMPAD_R,Confirmed chronic nocturnal heat source in industrial estate; 81d recurrence.,Persistent Industrial Heat,Validated
FIRMS_0014,4,2026-03-11,21:39,N20,VIIRS,22.97836,72.562,0,308.1,294.6,13.5,1.63,n,0.52,0.67,645.02,0,2,7,0.6661631419939577,-0.2627361190612478,-0.5723449750534568,25,21,81,"High Persistence (16 detections across 15 dates, 76d span)",,,,Landuse: industrial,Persistent Industrial Heat,"Multi-date recurrence (21 dates over 81d span in cluster), inside/adjacent to industrial zone (dist 645m, NDBI -0.26).",High,Confirm industrial facility boundary and continuous operations via satellite basemap.,SAMPAD_R,Cluster 4 member; elevated NDVI due to off-nadir pixel edge on green buffer.,Persistent Industrial Heat,Validated
FIRMS_0015,4,2026-03-11,21:39,N20,VIIRS,22.97905,72.56561,0,310.2,296.17,14.03,1.81,n,0.52,0.67,325.27,1,3,7,0.0853146853146853,0.1300448430493273,-0.2024793388429752,25,21,81,"High Persistence (24 detections across 21 dates, 81d span)",,,,Landuse: industrial,Persistent Industrial Heat,"Multi-date recurrence (21 dates over 81d span in cluster), inside/adjacent to industrial zone (dist 325m, NDBI 0.13).",High,Confirm industrial facility boundary and continuous operations via satellite basemap.,SAMPAD_R,Confirmed chronic nocturnal heat source in industrial estate; 81d recurrence.,Persistent Industrial Heat,Validated
FIRMS_0016,9,2026-03-13,08:34,N20,VIIRS,22.95616,72.74741,1,338.35,311.2,27.15,1.65,l,0.46,0.39,3560.47,0,0,0,0.4281230382925298,0.1032715806070161,-0.4898493778650949,1,1,0,Transient / Single Occurrence (1 detection),,,,Landuse: industrial,Other Thermal Source,"Remote from industrial infrastructure (3560m, 0 industries in 1km), rural/agricultural spectral profile (NDVI 0.43, NDBI 0.10), single/episodic burn.",Medium,Verify agricultural plot boundary or open field context on satellite imagery.,,,Unknown,Needs Human Validation
FIRMS_0017,10,2026-03-14,20:43,N20,VIIRS,22.96043,72.59915,0,308.5,294.28,14.22,1.08,n,0.41,0.37,272.44,1,1,4,0.1613907628437986,-0.0116016272412234,-0.3263532200711181,1,1,0,Transient / Single Occurrence (1 detection),Reliance resin industries,works,,Name: Reliance resin industries; Man-made: works,Ambiguous (Review Required),"Intermediate proximity (272m) or mixed spectral signals (NDVI 0.16, NDBI -0.01, FRP 1.08MW).",Ambiguous,Perform comprehensive multi-temporal optical imagery inspection (Sentinel-2 / Google Earth) to determine site activity.,,,Unknown,Needs Human Validation
FIRMS_0018,11,2026-03-15,07:56,N20,VIIRS,22.77944,72.45569,1,335.77,309.3,26.47,3.86,n,0.45,0.47,8189.75,0,0,0,0.2246626091558613,0.1453370267774699,-0.3548009367681499,2,1,0,"Moderate Persistence (2 detections across 1 dates, 0d span)",,,,Landuse: industrial,Other Thermal Source,"Remote from industrial infrastructure (8190m, 0 industries in 1km), rural/agricultural spectral profile (NDVI 0.22, NDBI 0.15), single/episodic burn.",Medium,Verify agricultural plot boundary or open field context on satellite imagery.,,,Unknown,Needs Human Validation
FIRMS_0019,11,2026-03-15,07:56,N20,VIIRS,22.7803,72.46003,1,342.04,308.31,33.73,4.72,n,0.45,0.47,8571.02,0,0,0,0.1789614441720526,0.1006460387623257,-0.2921348314606741,2,1,0,"Moderate Persistence (2 detections across 1 dates, 0d span)",,,,Landuse: industrial,Ambiguous (Review Required),"Intermediate proximity (8571m) or mixed spectral signals (NDVI 0.18, NDBI 0.10, FRP 4.72MW).",Ambiguous,Perform comprehensive multi-temporal optical imagery inspection (Sentinel-2 / Google Earth) to determine site activity.,,,Unknown,Needs Human Validation
FIRMS_0020,12,2026-03-16,07:37,N20,VIIRS,22.7951,72.43128,1,331.57,305.95,25.62,4.7,l,0.45,0.63,5256.66,0,0,0,0.375077495350279,0.0271929824561403,-0.4374594944912508,1,1,0,Transient / Single Occurrence (1 detection),,,,Landuse: industrial,Other Thermal Source,"Remote from industrial infrastructure (5257m, 0 industries in 1km), rural/agricultural spectral profile (NDVI 0.38, NDBI 0.03), single/episodic burn.",High,Verify agricultural plot boundary or open field context on satellite imagery.,,,Unknown,Needs Human Validation
FIRMS_0021,4,2026-03-16,21:46,N20,VIIRS,22.97734,72.56386,0,305.8,290.98,14.82,0.79,n,0.65,0.73,488.45,1,2,7,0.1570680628272251,0.195144157814871,-0.2509433962264151,25,21,81,"High Persistence (19 detections across 17 dates, 77d span)",,,,Landuse: industrial,Persistent Industrial Heat,"Multi-date recurrence (21 dates over 81d span in cluster), inside/adjacent to industrial zone (dist 488m, NDBI 0.20).",High,Confirm industrial facility boundary and continuous operations via satellite basemap.,SAMPAD_R,Confirmed chronic nocturnal heat source in industrial estate; 81d recurrence.,Persistent Industrial Heat,Validated
FIRMS_0022,4,2026-03-16,21:46,N20,VIIRS,22.98167,72.5658,0,307.3,291.41,15.89,1.23,n,0.65,0.73,496.47,1,3,9,0.1370192307692307,0.137648131267092,-0.2814087368777514,25,21,81,"High Persistence (18 detections across 18 dates, 81d span)",,,,Landuse: industrial,Persistent Industrial Heat,"Multi-date recurrence (21 dates over 81d span in cluster), inside/adjacent to industrial zone (dist 496m, NDBI 0.14).",High,Confirm industrial facility boundary and continuous operations via satellite basemap.,SAMPAD_R,Confirmed chronic nocturnal heat source in industrial estate; 81d recurrence.,Persistent Industrial Heat,Validated
FIRMS_0023,13,2026-03-17,08:59,N20,VIIRS,22.78164,72.53414,1,367.0,312.65,54.35,5.1,h,0.35,0.57,4065.17,0,0,0,0.2024091987588976,0.0916861988142837,-0.3314470493128537,1,1,0,Transient / Single Occurrence (1 detection),,,,Landuse: industrial,Other Thermal Source,"Remote from industrial infrastructure (4065m, 0 industries in 1km), rural/agricultural spectral profile (NDVI 0.20, NDBI 0.09), single/episodic burn.",Medium,Verify agricultural plot boundary or open field context on satellite imagery.,,,Unknown,Needs Human Validation
FIRMS_0024,14,2026-03-17,08:59,N20,VIIRS,22.95061,72.41132,1,334.64,304.62,30.02,2.35,n,0.34,0.56,3909.09,0,0,0,0.3772545090180361,0.1165032942310782,-0.4712336098474712,3,2,1,"Moderate Persistence (2 detections across 2 dates, 1d span)",,,,Landuse: industrial,Other Thermal Source,"Remote from industrial infrastructure (3909m, 0 industries in 1km), rural/agricultural spectral profile (NDVI 0.38, NDBI 0.12), single/episodic burn.",Medium,Verify agricultural plot boundary or open field context on satellite imagery.,SAMPAD_R,"Cluster 14: Rural agricultural area 3.9km from industry, NDVI (0.377), 1-day temporal span crop residue burn.",Other Thermal Source,Validated
FIRMS_0025,15,2026-03-17,08:59,N20,VIIRS,23.24492,72.43323,1,340.61,309.36,31.25,2.48,n,0.35,0.57,7487.08,0,0,0,0.3308270676691729,0.0437970287478294,-0.4172147555047183,1,1,0,Transient / Single Occurrence (1 detection),,,generator,Power: generator,Other Thermal Source,"Remote from industrial infrastructure (7487m, 0 industries in 1km), rural/agricultural spectral profile (NDVI 0.33, NDBI 0.04), single/episodic burn.",High,Verify agricultural plot boundary or open field context on satellite imagery.,,,Unknown,Needs Human Validation
FIRMS_0026,16,2026-03-18,08:40,N20,VIIRS,22.83764,72.38744,1,336.83,309.87,26.96,2.16,n,0.52,0.42,1606.98,0,0,5,0.1807585568917668,0.1050343570326742,-0.350973751058425,1,1,0,Transient / Single Occurrence (1 detection),,,,Landuse: industrial,Ambiguous (Review Required),"Intermediate proximity (1607m) or mixed spectral signals (NDVI 0.18, NDBI 0.11, FRP 2.16MW).",Ambiguous,Perform comprehensive multi-temporal optical imagery inspection (Sentinel-2 / Google Earth) to determine site activity.,,,Unknown,Needs Human Validation
FIRMS_0027,14,2026-03-18,08:40,N20,VIIRS,22.95463,72.41178,1,339.93,311.32,28.61,6.52,n,0.53,0.42,4306.93,0,0,0,0.2065160273252758,0.2873991309745499,-0.3442622950819672,3,2,1,"Moderate Persistence (3 detections across 2 dates, 1d span)",,,,Landuse: industrial,Other Thermal Source,"Remote from industrial infrastructure (4307m, 0 industries in 1km), rural/agricultural spectral profile (NDVI 0.21, NDBI 0.29), single/episodic burn.",Medium,Verify agricultural plot boundary or open field context on satellite imagery.,SAMPAD_R,"Cluster 14: Rural agricultural area 4.3km from industry, NDVI (0.207), 1-day temporal span crop residue burn.",Other Thermal Source,Validated
FIRMS_0028,14,2026-03-18,08:40,N20,VIIRS,22.95612,72.40912,1,339.78,311.35,28.43,6.91,l,0.53,0.42,4559.45,0,0,0,0.2260273972602739,0.2166301969365426,-0.3447412353923205,3,2,1,"Moderate Persistence (2 detections across 1 dates, 0d span)",,,,Landuse: industrial,Other Thermal Source,"Remote from industrial infrastructure (4559m, 0 industries in 1km), rural/agricultural spectral profile (NDVI 0.23, NDBI 0.22), single/episodic burn.",Medium,Verify agricultural plot boundary or open field context on satellite imagery.,SAMPAD_R,"Cluster 14: Rural agricultural area 4.6km from industry, NDVI (0.226), 1-day temporal span crop residue burn.",Other Thermal Source,Validated
FIRMS_0029,17,2026-03-18,08:40,N20,VIIRS,23.02453,72.59813,1,335.73,309.61,26.12,3.01,l,0.54,0.42,769.11,0,2,13,0.0759617262253466,0.0842612597640019,-0.1328125,1,1,0,Transient / Single Occurrence (1 detection),,,,Landuse: industrial,Industrial Fire,"Acute transient detection (span 0d) with elevated thermal emission (FRP 3.01MW, TI4 335.7K) inside industrial zone (769m, NDBI 0.08).",Low,Cross-reference with local municipal fire dispatch logs or optical smoke plume evidence.,SAMPAD_R,"Cluster 17: Optical inspection queued. Transient single-day event near Ahmedabad industrial/transit corridor (769m), FRP 3.01 MW.",Industrial Fire,Validated
FIRMS_0030,18,2026-03-19,20:49,N20,VIIRS,22.80784,72.5648,0,302.61,289.82,12.79,0.28,n,0.39,0.36,2918.5,0,0,0,0.4439834024896265,0.0897061086320972,-0.5322455322455323,1,1,0,Transient / Single Occurrence (1 detection),,,,Landuse: industrial,Other Thermal Source,"Remote from industrial infrastructure (2918m, 0 industries in 1km), rural/agricultural spectral profile (NDVI 0.44, NDBI 0.09), single/episodic burn.",Medium,Verify agricultural plot boundary or open field context on satellite imagery.,,,Unknown,Needs Human Validation
FIRMS_0031,19,2026-03-20,20:30,N20,VIIRS,22.97388,72.81726,0,301.26,290.11,11.15,0.46,n,0.55,0.43,1364.66,0,0,1,0.7665742374590371,-0.2273204903677758,-0.7159647404505387,1,1,0,Transient / Single Occurrence (1 detection),,,,Landuse: industrial,Ambiguous (Review Required),"Intermediate proximity (1365m) or mixed spectral signals (NDVI 0.77, NDBI -0.23, FRP 0.46MW).",Ambiguous,Perform comprehensive multi-temporal optical imagery inspection (Sentinel-2 / Google Earth) to determine site activity.,,,Unknown,Needs Human Validation
FIRMS_0032,20,2026-03-21,07:44,N20,VIIRS,22.75499,72.32404,1,336.84,294.74,42.1,3.07,n,0.37,0.58,1067.87,0,0,4,0.2892561983471074,0.0475578406169665,-0.4430379746835443,1,1,0,Transient / Single Occurrence (1 detection),,,,Landuse: industrial,Ambiguous (Review Required),"Intermediate proximity (1068m) or mixed spectral signals (NDVI 0.29, NDBI 0.05, FRP 3.07MW).",Ambiguous,Perform comprehensive multi-temporal optical imagery inspection (Sentinel-2 / Google Earth) to determine site activity.,,,Unknown,Needs Human Validation
FIRMS_0033,21,2026-03-21,07:44,N20,VIIRS,22.97641,72.43799,1,342.65,297.32,45.33,3.07,n,0.36,0.57,3921.34,0,0,0,0.5028248587570622,-0.1455641688199827,-0.535205848403232,2,1,0,"Moderate Persistence (2 detections across 1 dates, 0d span)",,,,Landuse: industrial,Other Thermal Source,"Remote from industrial infrastructure (3921m, 0 industries in 1km), rural/agricultural spectral profile (NDVI 0.50, NDBI -0.15), single/episodic burn.",Medium,Verify agricultural plot boundary or open field context on satellite imagery.,SAMPAD_R,"Cluster 21: Dense cultivated cropland 3.9km from industry, high NDVI (0.503), negative NDBI (-0.146), diurnal crop residue burn.",Other Thermal Source,Validated
FIRMS_0034,21,2026-03-21,07:44,N20,VIIRS,22.97737,72.4377,1,340.43,296.42,44.01,2.5,n,0.36,0.57,4011.53,0,0,0,0.8736039226368837,-0.3923076923076923,-0.7883515340613625,2,1,0,"Moderate Persistence (2 detections across 1 dates, 0d span)",,,,Landuse: industrial,Other Thermal Source,"Remote from industrial infrastructure (4012m, 0 industries in 1km), rural/agricultural spectral profile (NDVI 0.87, NDBI -0.39), single/episodic burn.",High,Verify agricultural plot boundary or open field context on satellite imagery.,SAMPAD_R,"Cluster 21: Dense cultivated cropland 4.0km from industry, peak NDVI (0.874), negative NDBI (-0.392), diurnal crop residue burn.",Other Thermal Source,Validated
FIRMS_0035,22,2026-03-22,09:05,N20,VIIRS,22.79262,72.49578,1,340.71,302.45,38.26,5.37,n,0.44,0.62,8168.81,0,0,0,0.1589134125636672,0.0869448903156768,-0.3164898746383799,2,1,0,"Moderate Persistence (2 detections across 1 dates, 0d span)",,,,Landuse: industrial,Ambiguous (Review Required),"Intermediate proximity (8169m) or mixed spectral signals (NDVI 0.16, NDBI 0.09, FRP 5.37MW).",Ambiguous,Perform comprehensive multi-temporal optical imagery inspection (Sentinel-2 / Google Earth) to determine site activity.,,,Unknown,Needs Human Validation
FIRMS_0036,22,2026-03-22,09:05,N20,VIIRS,22.79391,72.49732,1,330.15,301.32,28.83,2.94,l,0.44,0.62,8075.11,0,0,0,0.2693120450810049,0.0720906282183316,-0.3634300126103404,2,1,0,"Moderate Persistence (2 detections across 1 dates, 0d span)",,,,Landuse: industrial,Other Thermal Source,"Remote from industrial infrastructure (8075m, 0 industries in 1km), rural/agricultural spectral profile (NDVI 0.27, NDBI 0.07), single/episodic burn.",Medium,Verify agricultural plot boundary or open field context on satellite imagery.,,,Unknown,Needs Human Validation
FIRMS_0037,23,2026-03-22,09:05,N20,VIIRS,22.85634,72.61441,1,337.89,299.87,38.02,3.55,n,0.45,0.63,1330.41,0,0,3,0.4161290322580645,0.0273264401772525,-0.4633333333333333,1,1,0,Transient / Single Occurrence (1 detection),,,,Landuse: industrial,Ambiguous (Review Required),"Intermediate proximity (1330m) or mixed spectral signals (NDVI 0.42, NDBI 0.03, FRP 3.55MW).",Ambiguous,Perform comprehensive multi-temporal optical imagery inspection (Sentinel-2 / Google Earth) to determine site activity.,,,Unknown,Needs Human Validation
FIRMS_0038,24,2026-03-22,09:05,N20,VIIRS,22.86575,72.52106,1,330.57,302.21,28.36,2.67,l,0.44,0.62,5134.47,0,0,0,0.2037325038880248,0.2957233848953594,-0.3283752860411899,1,1,0,Transient / Single Occurrence (1 detection),,,,Landuse: industrial,Other Thermal Source,"Remote from industrial infrastructure (5134m, 0 industries in 1km), rural/agricultural spectral profile (NDVI 0.20, NDBI 0.30), single/episodic burn.",Medium,Verify agricultural plot boundary or open field context on satellite imagery.,,,Unknown,Needs Human Validation
FIRMS_0039,25,2026-03-22,09:05,N20,VIIRS,22.96972,72.30669,1,333.33,302.13,31.2,5.42,n,0.43,0.62,2028.27,0,0,0,0.1228070175438596,-0.032945091514143,-0.1610248737609874,2,1,0,"Moderate Persistence (2 detections across 1 dates, 0d span)",,works,,Man-made: works,Ambiguous (Review Required),"Intermediate proximity (2028m) or mixed spectral signals (NDVI 0.12, NDBI -0.03, FRP 5.42MW).",Ambiguous,Perform comprehensive multi-temporal optical imagery inspection (Sentinel-2 / Google Earth) to determine site activity.,,,Unknown,Needs Human Validation
FIRMS_0040,25,2026-03-22,09:05,N20,VIIRS,22.97167,72.30365,1,341.38,303.44,37.94,2.38,n,0.43,0.62,1649.78,0,0,3,0.1686377573368375,0.2686403508771929,-0.2771661081857348,2,1,0,"Moderate Persistence (2 detections across 1 dates, 0d span)",,works,,Man-made: works,Ambiguous (Review Required),"Intermediate proximity (1650m) or mixed spectral signals (NDVI 0.17, NDBI 0.27, FRP 2.38MW).",Ambiguous,Perform comprehensive multi-temporal optical imagery inspection (Sentinel-2 / Google Earth) to determine site activity.,,,Unknown,Needs Human Validation
FIRMS_0041,26,2026-03-22,09:05,N20,VIIRS,23.16089,72.2728,1,332.07,299.67,32.4,1.59,n,0.43,0.62,8715.84,0,0,0,0.7577478116867755,-0.2208347025961222,-0.6358432408630559,1,1,0,Transient / Single Occurrence (1 detection),,,,Landuse: industrial,Other Thermal Source,"Remote from industrial infrastructure (8716m, 0 industries in 1km), rural/agricultural spectral profile (NDVI 0.76, NDBI -0.22), single/episodic burn.",High,Verify agricultural plot boundary or open field context on satellite imagery.,,,Unknown,Needs Human Validation
FIRMS_0042,27,2026-03-22,09:05,N20,VIIRS,23.20924,72.2981,1,345.39,300.32,45.07,3.48,n,0.43,0.62,5038.44,0,0,0,0.2865566037735849,0.1157041540020263,-0.3641763050953422,2,1,0,"Moderate Persistence (2 detections across 1 dates, 0d span)",,,,Landuse: industrial,Other Thermal Source,"Remote from industrial infrastructure (5038m, 0 industries in 1km), rural/agricultural spectral profile (NDVI 0.29, NDBI 0.12), single/episodic burn.",Medium,Verify agricultural plot boundary or open field context on satellite imagery.,,,Unknown,Needs Human Validation
FIRMS_0043,27,2026-03-22,09:05,N20,VIIRS,23.21135,72.29937,1,352.51,301.66,50.85,5.22,n,0.43,0.62,4962.7,0,0,0,0.1068190776507686,0.1591555622099116,-0.2085216268560361,2,1,0,"Moderate Persistence (2 detections across 1 dates, 0d span)",,,,Landuse: industrial,Ambiguous (Review Required),"Intermediate proximity (4963m) or mixed spectral signals (NDVI 0.11, NDBI 0.16, FRP 5.22MW).",Ambiguous,Perform comprehensive multi-temporal optical imagery inspection (Sentinel-2 / Google Earth) to determine site activity.,,,Unknown,Needs Human Validation
FIRMS_0044,28,2026-03-23,08:46,N20,VIIRS,22.81513,72.38505,1,342.66,307.47,35.19,7.84,n,0.43,0.46,795.57,0,3,3,0.1462140992167102,0.2167707404103479,-0.2949852507374631,3,2,22,"Moderate Persistence (2 detections across 2 dates, 22d span)",,,,Landuse: industrial,Persistent Industrial Heat,"Multi-date recurrence (2 dates over 22d span in cluster), inside/adjacent to industrial zone (dist 796m, NDBI 0.22).",Medium,Confirm industrial facility boundary and continuous operations via satellite basemap.,SAMPAD_R,"Cluster 28: Multi-date recurrence (22d span) in industrial cluster, 796m to industry, NDBI (+0.217), FRP 7.84 MW, operational furnace heat.",Persistent Industrial Heat,Validated
FIRMS_0045,29,2026-03-23,08:46,N20,VIIRS,22.81946,72.4229,1,331.75,303.32,28.43,2.74,l,0.43,0.46,4436.1,0,0,0,0.5131123206333498,0.0135483870967741,-0.5305305305305306,2,2,3,"Moderate Persistence (2 detections across 2 dates, 3d span)",,,,Landuse: industrial,Ambiguous (Review Required),"Intermediate proximity (4436m) or mixed spectral signals (NDVI 0.51, NDBI 0.01, FRP 2.74MW).",Ambiguous,Perform comprehensive multi-temporal optical imagery inspection (Sentinel-2 / Google Earth) to determine site activity.,,,Unknown,Needs Human Validation
FIRMS_0046,30,2026-03-23,08:46,N20,VIIRS,22.93538,72.38679,1,341.58,307.54,34.04,3.66,n,0.43,0.46,4462.78,0,0,0,0.166590178981184,0.3122294372294372,-0.3157349896480331,1,1,0,Transient / Single Occurrence (1 detection),,,,Landuse: industrial,Ambiguous (Review Required),"Intermediate proximity (4463m) or mixed spectral signals (NDVI 0.17, NDBI 0.31, FRP 3.66MW).",Ambiguous,Perform comprehensive multi-temporal optical imagery inspection (Sentinel-2 / Google Earth) to determine site activity.,,,Unknown,Needs Human Validation
FIRMS_0047,31,2026-03-23,08:46,N20,VIIRS,22.94121,72.43755,1,337.01,303.85,33.16,3.44,n,0.43,0.46,1275.92,0,0,7,0.3883417620441842,0.0674056856785267,-0.4742792538157151,1,1,0,Transient / Single Occurrence (1 detection),,works,,Man-made: works,Ambiguous (Review Required),"Intermediate proximity (1276m) or mixed spectral signals (NDVI 0.39, NDBI 0.07, FRP 3.44MW).",Ambiguous,Perform comprehensive multi-temporal optical imagery inspection (Sentinel-2 / Google Earth) to determine site activity.,,,Unknown,Needs Human Validation
FIRMS_0048,32,2026-03-23,08:46,N20,VIIRS,22.94282,72.48921,1,337.89,307.64,30.25,7.92,n,0.44,0.46,2141.48,0,0,0,0.1518357187305538,0.2093122597180692,-0.2712912087912087,3,1,0,"Moderate Persistence (2 detections across 1 dates, 0d span)",,,,Landuse: industrial,Ambiguous (Review Required),"Intermediate proximity (2141m) or mixed spectral signals (NDVI 0.15, NDBI 0.21, FRP 7.92MW).",Ambiguous,Perform comprehensive multi-temporal optical imagery inspection (Sentinel-2 / Google Earth) to determine site activity.,,,Unknown,Needs Human Validation
FIRMS_0049,32,2026-03-23,08:46,N20,VIIRS,22.9433,72.4935,1,347.87,306.96,40.91,7.92,n,0.44,0.46,2375.75,0,0,0,0.1277941796710248,0.3072538860103627,-0.2351039260969976,3,1,0,"Moderate Persistence (3 detections across 1 dates, 0d span)",,,,Landuse: industrial,Ambiguous (Review Required),"Intermediate proximity (2376m) or mixed spectral signals (NDVI 0.13, NDBI 0.31, FRP 7.92MW).",Ambiguous,Perform comprehensive multi-temporal optical imagery inspection (Sentinel-2 / Google Earth) to determine site activity.,,,Unknown,Needs Human Validation
FIRMS_0050,32,2026-03-23,08:46,N20,VIIRS,22.94755,72.49294,1,332.92,305.36,27.56,7.92,l,0.44,0.46,2014.24,0,0,0,0.1216805390408244,0.287871162556618,-0.2261698440207972,3,1,0,"Moderate Persistence (2 detections across 1 dates, 0d span)",,,,Landuse: industrial,Ambiguous (Review Required),"Intermediate proximity (2014m) or mixed spectral signals (NDVI 0.12, NDBI 0.29, FRP 7.92MW).",Ambiguous,Perform comprehensive multi-temporal optical imagery inspection (Sentinel-2 / Google Earth) to determine site activity.,,,Unknown,Needs Human Validation
FIRMS_0051,33,2026-03-23,08:46,N20,VIIRS,22.98929,72.44418,1,332.33,305.78,26.55,5.06,l,0.44,0.46,4302.94,0,0,0,0.1814385150812065,0.2856341189674523,-0.3116950025759917,1,1,0,Transient / Single Occurrence (1 detection),,,,Landuse: industrial,Ambiguous (Review Required),"Intermediate proximity (4303m) or mixed spectral signals (NDVI 0.18, NDBI 0.29, FRP 5.06MW).",Ambiguous,Perform comprehensive multi-temporal optical imagery inspection (Sentinel-2 / Google Earth) to determine site activity.,,,Unknown,Needs Human Validation
FIRMS_0052,4,2026-03-23,21:14,N20,VIIRS,22.97839,72.56555,0,312.46,290.99,21.47,1.32,n,0.42,0.45,312.77,1,3,7,0.0734664764621968,0.1504374823595822,-0.1734892787524366,25,21,81,"High Persistence (23 detections across 20 dates, 81d span)",,,,Landuse: industrial,Persistent Industrial Heat,"Multi-date recurrence (21 dates over 81d span in cluster), inside/adjacent to industrial zone (dist 313m, NDBI 0.15).",High,Confirm industrial facility boundary and continuous operations via satellite basemap.,SAMPAD_R,Confirmed chronic nocturnal heat source in industrial estate; 81d recurrence.,Persistent Industrial Heat,Validated
FIRMS_0053,34,2026-03-25,08:09,N20,VIIRS,22.9001,72.54078,1,338.29,313.2,25.09,4.95,l,0.46,0.39,3707.3,0,0,0,0.5249679897567221,0.0205592105263157,-0.5568627450980392,1,1,0,Transient / Single Occurrence (1 detection),,,,Landuse: industrial,Other Thermal Source,"Remote from industrial infrastructure (3707m, 0 industries in 1km), rural/agricultural spectral profile (NDVI 0.52, NDBI 0.02), single/episodic burn.",Medium,Verify agricultural plot boundary or open field context on satellite imagery.,,,Unknown,Needs Human Validation
FIRMS_0054,35,2026-03-25,08:09,N20,VIIRS,22.90485,72.6528,1,343.68,305.4,38.28,5.74,n,0.45,0.39,2001.32,0,0,0,0.1230734867098503,0.1464946528602953,-0.2523038605230386,1,1,0,Transient / Single Occurrence (1 detection),,,,Landuse: industrial,Ambiguous (Review Required),"Intermediate proximity (2001m) or mixed spectral signals (NDVI 0.12, NDBI 0.15, FRP 5.74MW).",Ambiguous,Perform comprehensive multi-temporal optical imagery inspection (Sentinel-2 / Google Earth) to determine site activity.,,,Unknown,Needs Human Validation
FIRMS_0055,36,2026-03-25,20:37,N20,VIIRS,23.15413,72.45323,0,305.62,288.62,17.0,0.88,n,0.48,0.4,434.21,1,8,24,0.5356019445238777,-0.0120618168111571,-0.5529207634470792,1,1,0,Transient / Single Occurrence (1 detection),,works,,Man-made: works,Ambiguous (Review Required),"Intermediate proximity (434m) or mixed spectral signals (NDVI 0.54, NDBI -0.01, FRP 0.88MW).",Ambiguous,Perform comprehensive multi-temporal optical imagery inspection (Sentinel-2 / Google Earth) to determine site activity.,,,Unknown,Needs Human Validation
FIRMS_0056,29,2026-03-26,07:50,N20,VIIRS,22.81597,72.42524,1,340.21,306.28,33.93,6.63,n,0.57,0.52,4567.73,0,0,0,0.3975240715268225,0.1233822260569456,-0.4696239151398264,2,2,3,"Moderate Persistence (2 detections across 2 dates, 3d span)",,,,Landuse: industrial,Ambiguous (Review Required),"Intermediate proximity (4568m) or mixed spectral signals (NDVI 0.40, NDBI 0.12, FRP 6.63MW).",Ambiguous,Perform comprehensive multi-temporal optical imagery inspection (Sentinel-2 / Google Earth) to determine site activity.,,,Unknown,Needs Human Validation
FIRMS_0057,37,2026-03-27,07:31,N20,VIIRS,22.77055,72.26617,1,342.71,300.3,42.41,5.74,n,0.59,0.7,4721.89,0,0,0,0.1659087081017349,0.0400776591318818,-0.3393962848297213,2,1,0,"Moderate Persistence (2 detections across 1 dates, 0d span)",,,,Landuse: industrial,Other Thermal Source,"Remote from industrial infrastructure (4722m, 0 industries in 1km), rural/agricultural spectral profile (NDVI 0.17, NDBI 0.04), single/episodic burn.",Medium,Verify agricultural plot boundary or open field context on satellite imagery.,,,Unknown,Needs Human Validation
FIRMS_0058,37,2026-03-27,07:31,N20,VIIRS,22.77288,72.2662,1,346.77,299.25,47.52,7.43,n,0.58,0.7,4843.12,0,0,0,0.2041716807059767,0.0806920839075179,-0.3751717819514429,2,1,0,"Moderate Persistence (2 detections across 1 dates, 0d span)",,,,Landuse: industrial,Other Thermal Source,"Remote from industrial infrastructure (4843m, 0 industries in 1km), rural/agricultural spectral profile (NDVI 0.20, NDBI 0.08), single/episodic burn.",Medium,Verify agricultural plot boundary or open field context on satellite imagery.,,,Unknown,Needs Human Validation
FIRMS_0059,38,2026-03-27,09:12,N20,VIIRS,22.82045,72.5416,1,330.62,301.69,28.93,3.76,l,0.56,0.69,4775.49,0,0,0,0.145446507515473,0.1671488267438123,-0.2535074987905176,1,1,0,Transient / Single Occurrence (1 detection),,,,Landuse: industrial,Ambiguous (Review Required),"Intermediate proximity (4775m) or mixed spectral signals (NDVI 0.15, NDBI 0.17, FRP 3.76MW).",Ambiguous,Perform comprehensive multi-temporal optical imagery inspection (Sentinel-2 / Google Earth) to determine site activity.,,,Unknown,Needs Human Validation
FIRMS_0060,39,2026-03-27,09:12,N20,VIIRS,23.01342,72.28349,1,339.03,300.99,38.04,3.09,n,0.54,0.68,922.53,0,1,23,0.0011280315848843,0.0446716899892357,-0.0418195157740278,1,1,0,Transient / Single Occurrence (1 detection),,works,,Man-made: works,Industrial Fire,"Acute transient detection (span 0d) with elevated thermal emission (FRP 3.09MW, TI4 339.0K) inside industrial zone (923m, NDBI 0.04).",Low,Cross-reference with local municipal fire dispatch logs or optical smoke plume evidence.,,,Unknown,Needs Human Validation
FIRMS_0061,40,2026-03-27,09:12,N20,VIIRS,23.05063,72.27502,1,339.35,300.36,38.99,4.43,n,0.54,0.68,1771.81,0,0,2,0.7550260610573343,-0.329385222786238,-0.629450397511234,1,1,0,Transient / Single Occurrence (1 detection),,,,Landuse: industrial,Ambiguous (Review Required),"Intermediate proximity (1772m) or mixed spectral signals (NDVI 0.76, NDBI -0.33, FRP 4.43MW).",Ambiguous,Perform comprehensive multi-temporal optical imagery inspection (Sentinel-2 / Google Earth) to determine site activity.,,,Unknown,Needs Human Validation
FIRMS_0062,41,2026-03-27,09:12,N20,VIIRS,23.21547,72.43324,1,330.37,300.86,29.51,3.58,l,0.55,0.68,4253.98,0,0,0,0.3364847443059733,0.0011241368235105,-0.4718409843823947,1,1,0,Transient / Single Occurrence (1 detection),,,generator,Power: generator,Other Thermal Source,"Remote from industrial infrastructure (4254m, 0 industries in 1km), rural/agricultural spectral profile (NDVI 0.34, NDBI 0.00), single/episodic burn.",High,Verify agricultural plot boundary or open field context on satellite imagery.,,,Unknown,Needs Human Validation
FIRMS_0063,4,2026-03-27,21:39,N20,VIIRS,22.98062,72.56441,0,305.97,294.65,11.32,1.5,n,0.52,0.67,516.34,0,4,9,0.1273854961832061,0.1427534917467803,-0.2680440032197478,25,21,81,"High Persistence (23 detections across 20 dates, 81d span)",,,,Landuse: industrial,Persistent Industrial Heat,"Multi-date recurrence (21 dates over 81d span in cluster), inside/adjacent to industrial zone (dist 516m, NDBI 0.14).",High,Confirm industrial facility boundary and continuous operations via satellite basemap.,SAMPAD_R,Confirmed chronic nocturnal heat source in industrial estate; 81d recurrence.,Persistent Industrial Heat,Validated
FIRMS_0064,42,2026-03-28,08:53,N20,VIIRS,22.95219,72.40082,1,331.98,301.5,30.48,3.98,n,0.54,0.51,4581.92,0,0,0,0.1859459459459459,0.1649857278782112,-0.3024636390620362,1,1,0,Transient / Single Occurrence (1 detection),,,,Landuse: industrial,Ambiguous (Review Required),"Intermediate proximity (4582m) or mixed spectral signals (NDVI 0.19, NDBI 0.16, FRP 3.98MW).",Ambiguous,Perform comprehensive multi-temporal optical imagery inspection (Sentinel-2 / Google Earth) to determine site activity.,,,Unknown,Needs Human Validation
FIRMS_0065,43,2026-03-28,08:53,N20,VIIRS,23.0425,72.33364,1,345.96,301.73,44.23,12.56,n,0.54,0.51,2410.09,0,0,0,0.5013477088948787,-0.0491618007157656,-0.552396878483835,3,1,0,"Moderate Persistence (2 detections across 1 dates, 0d span)",,,,Landuse: industrial,Ambiguous (Review Required),"Intermediate proximity (2410m) or mixed spectral signals (NDVI 0.50, NDBI -0.05, FRP 12.56MW).",Ambiguous,Perform comprehensive multi-temporal optical imagery inspection (Sentinel-2 / Google Earth) to determine site activity.,,,Unknown,Needs Human Validation
FIRMS_0066,43,2026-03-28,08:53,N20,VIIRS,23.04304,72.33891,1,343.78,304.44,39.34,12.56,n,0.54,0.51,2670.75,0,0,0,0.2153256704980843,0.2165321916680388,-0.3961267605633803,3,1,0,"Moderate Persistence (2 detections across 1 dates, 0d span)",,,,Landuse: industrial,Other Thermal Source,"Remote from industrial infrastructure (2671m, 0 industries in 1km), rural/agricultural spectral profile (NDVI 0.22, NDBI 0.22), single/episodic burn.",Medium,Verify agricultural plot boundary or open field context on satellite imagery.,,,Unknown,Needs Human Validation
FIRMS_0067,43,2026-03-28,08:53,N20,VIIRS,23.04467,72.33624,1,367.0,304.55,62.45,21.75,h,0.54,0.51,2723.66,0,0,0,0.1540923639689072,0.0850652489125181,-0.3482905982905983,3,1,0,"Moderate Persistence (3 detections across 1 dates, 0d span)",,,,Landuse: industrial,Ambiguous (Review Required),"Intermediate proximity (2724m) or mixed spectral signals (NDVI 0.15, NDBI 0.09, FRP 21.75MW).",Ambiguous,Perform comprehensive multi-temporal optical imagery inspection (Sentinel-2 / Google Earth) to determine site activity.,,,Unknown,Needs Human Validation
FIRMS_0068,44,2026-03-28,08:53,N20,VIIRS,23.13341,72.34417,1,342.59,301.31,41.28,5.12,n,0.54,0.51,5611.87,0,0,0,0.5827746260959258,-0.1043540842029507,-0.5926310326933056,1,1,0,Transient / Single Occurrence (1 detection),,,,Landuse: industrial,Other Thermal Source,"Remote from industrial infrastructure (5612m, 0 industries in 1km), rural/agricultural spectral profile (NDVI 0.58, NDBI -0.10), single/episodic burn.",High,Verify agricultural plot boundary or open field context on satellite imagery.,,,Unknown,Needs Human Validation
FIRMS_0069,45,2026-03-28,08:53,N20,VIIRS,23.14455,72.31611,1,340.29,300.68,39.61,4.98,n,0.54,0.51,6006.32,0,0,0,0.3109465891062929,0.1736666666666666,-0.4362688296639629,2,1,0,"Moderate Persistence (2 detections across 1 dates, 0d span)",,,,Landuse: industrial,Other Thermal Source,"Remote from industrial infrastructure (6006m, 0 industries in 1km), rural/agricultural spectral profile (NDVI 0.31, NDBI 0.17), single/episodic burn.",High,Verify agricultural plot boundary or open field context on satellite imagery.,,,Unknown,Needs Human Validation
FIRMS_0070,45,2026-03-28,08:53,N20,VIIRS,23.14731,72.31373,1,332.81,297.94,34.87,4.67,n,0.54,0.51,5980.01,0,0,0,0.1749494949494949,0.1175845850402063,-0.2898647150144156,2,1,0,"Moderate Persistence (2 detections across 1 dates, 0d span)",,,,Landuse: industrial,Ambiguous (Review Required),"Intermediate proximity (5980m) or mixed spectral signals (NDVI 0.17, NDBI 0.12, FRP 4.67MW).",Ambiguous,Perform comprehensive multi-temporal optical imagery inspection (Sentinel-2 / Google Earth) to determine site activity.,,,Unknown,Needs Human Validation
FIRMS_0071,46,2026-03-28,21:21,N20,VIIRS,22.99295,72.67189,0,304.41,292.97,11.44,1.08,n,0.53,0.5,2176.93,0,0,0,0.2448361332966125,0.1621872103799814,-0.3950617283950617,1,1,0,Transient / Single Occurrence (1 detection),Vastral Bus Depot,,,Name: Vastral Bus Depot; Type: bus_depot; Landuse: industrial,Ambiguous (Review Required),"Intermediate proximity (2177m) or mixed spectral signals (NDVI 0.24, NDBI 0.16, FRP 1.08MW).",Ambiguous,Perform comprehensive multi-temporal optical imagery inspection (Sentinel-2 / Google Earth) to determine site activity.,,,Unknown,Needs Human Validation
FIRMS_0072,47,2026-03-29,08:34,N20,VIIRS,22.83125,72.57391,1,341.08,307.79,33.29,4.38,n,0.45,0.39,1711.19,0,0,1,0.199203187250996,0.1216807703530784,-0.3629160063391442,1,1,0,Transient / Single Occurrence (1 detection),,,,Landuse: industrial,Ambiguous (Review Required),"Intermediate proximity (1711m) or mixed spectral signals (NDVI 0.20, NDBI 0.12, FRP 4.38MW).",Ambiguous,Perform comprehensive multi-temporal optical imagery inspection (Sentinel-2 / Google Earth) to determine site activity.,,,Unknown,Needs Human Validation
FIRMS_0073,48,2026-03-29,08:34,N20,VIIRS,22.8515,72.48209,1,336.4,305.29,31.11,3.65,n,0.45,0.39,7391.68,0,0,0,0.2491213562125284,0.0740229885057471,-0.3992589161648912,1,1,0,Transient / Single Occurrence (1 detection),Shri Raj meatal,works,,Name: Shri Raj meatal; Man-made: works,Other Thermal Source,"Remote from industrial infrastructure (7392m, 0 industries in 1km), rural/agricultural spectral profile (NDVI 0.25, NDBI 0.07), single/episodic burn.",Medium,Verify agricultural plot boundary or open field context on satellite imagery.,,,Unknown,Needs Human Validation
FIRMS_0074,49,2026-03-29,08:34,N20,VIIRS,22.88402,72.64179,1,338.0,305.26,32.74,2.63,n,0.45,0.39,3683.12,0,0,0,0.2282292003884752,0.1683472161332748,-0.3420587194906261,2,1,0,"Moderate Persistence (2 detections across 1 dates, 0d span)",,,,Landuse: industrial,Other Thermal Source,"Remote from industrial infrastructure (3683m, 0 industries in 1km), rural/agricultural spectral profile (NDVI 0.23, NDBI 0.17), single/episodic burn.",Medium,Verify agricultural plot boundary or open field context on satellite imagery.,,,Unknown,Needs Human Validation
FIRMS_0075,49,2026-03-29,08:34,N20,VIIRS,22.88669,72.64285,1,339.23,306.86,32.37,3.88,n,0.45,0.39,3437.57,0,0,0,0.2108420351033103,0.1213928744156053,-0.3116726835138387,2,1,0,"Moderate Persistence (2 detections across 1 dates, 0d span)",,,,Landuse: industrial,Other Thermal Source,"Remote from industrial infrastructure (3438m, 0 industries in 1km), rural/agricultural spectral profile (NDVI 0.21, NDBI 0.12), single/episodic burn.",Medium,Verify agricultural plot boundary or open field context on satellite imagery.,,,Unknown,Needs Human Validation
FIRMS_0076,50,2026-03-29,08:34,N20,VIIRS,23.24766,72.26569,1,338.67,301.42,37.25,2.82,n,0.44,0.38,7504.92,0,0,0,0.1638696939782823,0.0808212058212058,-0.3402804092459265,1,1,0,Transient / Single Occurrence (1 detection),Shiyapura Hydro Power Plant No.1,,plant,Name: Shiyapura Hydro Power Plant No.1; Landuse: industrial; Power: plant,Ambiguous (Review Required),"Intermediate proximity (7505m) or mixed spectral signals (NDVI 0.16, NDBI 0.08, FRP 2.82MW).",Ambiguous,Perform comprehensive multi-temporal optical imagery inspection (Sentinel-2 / Google Earth) to determine site activity.,,,Unknown,Needs Human Validation
FIRMS_0077,51,2026-03-30,08:15,N20,VIIRS,22.7878,72.48606,1,340.11,311.42,28.69,5.51,l,0.41,0.37,8948.54,0,0,0,0.1627129969929836,0.2613033326257695,-0.3181818181818182,1,1,0,Transient / Single Occurrence (1 detection),,,,Landuse: industrial,Ambiguous (Review Required),"Intermediate proximity (8949m) or mixed spectral signals (NDVI 0.16, NDBI 0.26, FRP 5.51MW).",Ambiguous,Perform comprehensive multi-temporal optical imagery inspection (Sentinel-2 / Google Earth) to determine site activity.,,,Unknown,Needs Human Validation
FIRMS_0078,52,2026-03-30,08:15,N20,VIIRS,22.87034,72.6946,1,338.93,311.13,27.8,5.43,l,0.4,0.37,4193.92,0,0,0,0.3280531425651507,0.0617328519855595,-0.4422863485016648,1,1,0,Transient / Single Occurrence (1 detection),,,,Landuse: industrial,Other Thermal Source,"Remote from industrial infrastructure (4194m, 0 industries in 1km), rural/agricultural spectral profile (NDVI 0.33, NDBI 0.06), single/episodic burn.",High,Verify agricultural plot boundary or open field context on satellite imagery.,,,Unknown,Needs Human Validation
FIRMS_0079,53,2026-03-30,08:15,N20,VIIRS,22.90777,72.27724,1,344.97,313.2,31.77,5.07,n,0.41,0.37,6562.36,0,0,0,0.232237539766702,0.0914777169663799,-0.3761250592136428,1,1,0,Transient / Single Occurrence (1 detection),,,,Landuse: industrial,Other Thermal Source,"Remote from industrial infrastructure (6562m, 0 industries in 1km), rural/agricultural spectral profile (NDVI 0.23, NDBI 0.09), single/episodic burn.",Medium,Verify agricultural plot boundary or open field context on satellite imagery.,,,Unknown,Needs Human Validation
FIRMS_0080,54,2026-03-30,08:15,N20,VIIRS,22.91181,72.28054,1,337.24,309.96,27.28,5.07,l,0.41,0.37,6267.52,0,0,0,0.5646704949412087,0.0096919349255797,-0.5464864864864865,2,1,0,"Moderate Persistence (2 detections across 1 dates, 0d span)",,,,Landuse: industrial,Other Thermal Source,"Remote from industrial infrastructure (6268m, 0 industries in 1km), rural/agricultural spectral profile (NDVI 0.56, NDBI 0.01), single/episodic burn.",High,Verify agricultural plot boundary or open field context on satellite imagery.,,,Unknown,Needs Human Validation
FIRMS_0081,54,2026-03-30,08:15,N20,VIIRS,22.91519,72.27989,1,343.9,308.71,35.19,5.4,n,0.41,0.37,5897.89,0,0,0,0.1737689393939394,0.2203176600094354,-0.3023377987916995,2,1,0,"Moderate Persistence (2 detections across 1 dates, 0d span)",,,,Landuse: industrial,Ambiguous (Review Required),"Intermediate proximity (5898m) or mixed spectral signals (NDVI 0.17, NDBI 0.22, FRP 5.40MW).",Ambiguous,Perform comprehensive multi-temporal optical imagery inspection (Sentinel-2 / Google Earth) to determine site activity.,,,Unknown,Needs Human Validation
FIRMS_0082,55,2026-03-31,07:56,N20,VIIRS,22.94102,72.52146,1,340.12,304.95,35.17,4.33,n,0.45,0.47,3297.65,0,0,0,0.1844144343590879,0.1614420062695925,-0.3558033451596553,1,1,0,Transient / Single Occurrence (1 detection),,,,Landuse: industrial,Ambiguous (Review Required),"Intermediate proximity (3298m) or mixed spectral signals (NDVI 0.18, NDBI 0.16, FRP 4.33MW).",Ambiguous,Perform comprehensive multi-temporal optical imagery inspection (Sentinel-2 / Google Earth) to determine site activity.,,,Unknown,Needs Human Validation
FIRMS_0083,56,2026-04-01,07:37,N20,VIIRS,23.0004,72.32112,1,330.95,304.52,26.43,1.22,l,0.46,0.63,2317.72,0,0,0,0.2224222165080997,0.1584351212604,-0.3410437235543018,1,1,0,Transient / Single Occurrence (1 detection),,,,Landuse: industrial,Ambiguous (Review Required),"Intermediate proximity (2318m) or mixed spectral signals (NDVI 0.22, NDBI 0.16, FRP 1.22MW).",Ambiguous,Perform comprehensive multi-temporal optical imagery inspection (Sentinel-2 / Google Earth) to determine site activity.,,,Unknown,Needs Human Validation
FIRMS_0084,57,2026-04-01,07:38,N20,VIIRS,23.07302,72.31764,1,334.02,305.2,28.82,3.82,l,0.46,0.63,1921.79,0,0,9,0.1891332470892626,0.170995670995671,-0.300509337860781,1,1,0,Transient / Single Occurrence (1 detection),Canal Solar Power Project,,plant,Name: Canal Solar Power Project; Power: plant,Ambiguous (Review Required),"Intermediate proximity (1922m) or mixed spectral signals (NDVI 0.19, NDBI 0.17, FRP 3.82MW).",Ambiguous,Perform comprehensive multi-temporal optical imagery inspection (Sentinel-2 / Google Earth) to determine site activity.,,,Unknown,Needs Human Validation
FIRMS_0085,58,2026-04-02,08:59,N20,VIIRS,22.84739,72.51508,1,347.67,306.38,41.29,3.94,n,0.35,0.56,6553.87,0,0,0,0.2524485308814711,0.1246158144733165,-0.4144469525959368,1,1,0,Transient / Single Occurrence (1 detection),,,,Landuse: industrial,Other Thermal Source,"Remote from industrial infrastructure (6554m, 0 industries in 1km), rural/agricultural spectral profile (NDVI 0.25, NDBI 0.12), single/episodic burn.",Medium,Verify agricultural plot boundary or open field context on satellite imagery.,,,Unknown,Needs Human Validation
FIRMS_0086,59,2026-04-02,08:59,N20,VIIRS,22.87535,72.47784,1,334.26,303.57,30.69,4.09,n,0.34,0.56,5210.27,0,0,0,0.1871022486211285,0.2120529428330048,-0.3432549207873259,1,1,0,Transient / Single Occurrence (1 detection),Shri Raj meatal,works,,Name: Shri Raj meatal; Man-made: works,Ambiguous (Review Required),"Intermediate proximity (5210m) or mixed spectral signals (NDVI 0.19, NDBI 0.21, FRP 4.09MW).",Ambiguous,Perform comprehensive multi-temporal optical imagery inspection (Sentinel-2 / Google Earth) to determine site activity.,,,Unknown,Needs Human Validation
FIRMS_0087,60,2026-04-02,08:59,N20,VIIRS,23.23714,72.30925,1,340.62,307.91,32.71,2.55,n,0.34,0.56,3111.58,0,0,0,0.2704849498327759,0.0813180169286578,-0.4134883720930232,2,2,38,"Moderate Persistence (2 detections across 2 dates, 38d span)",Shiyapura Hydro Power Plant No.1,,plant,Name: Shiyapura Hydro Power Plant No.1; Landuse: industrial; Power: plant,Ambiguous (Review Required),"Intermediate proximity (3112m) or mixed spectral signals (NDVI 0.27, NDBI 0.08, FRP 2.55MW).",Ambiguous,Perform comprehensive multi-temporal optical imagery inspection (Sentinel-2 / Google Earth) to determine site activity.,,,Unknown,Needs Human Validation
FIRMS_0088,61,2026-04-03,08:40,N20,VIIRS,23.03316,72.45387,1,334.41,289.49,44.92,5.46,n,0.53,0.42,2456.49,0,0,0,0.0939287691455988,0.0525811091577433,-0.1865492393915132,1,1,0,Transient / Single Occurrence (1 detection),,,,Landuse: industrial,Ambiguous (Review Required),"Intermediate proximity (2456m) or mixed spectral signals (NDVI 0.09, NDBI 0.05, FRP 5.46MW).",Ambiguous,Perform comprehensive multi-temporal optical imagery inspection (Sentinel-2 / Google Earth) to determine site activity.,,,Unknown,Needs Human Validation
FIRMS_0089,62,2026-04-05,08:03,N20,VIIRS,22.93506,72.25756,1,338.4,307.26,31.14,3.44,n,0.57,0.43,3179.84,0,0,0,0.6717495987158909,-0.1659669745312062,-0.6350078492935636,1,1,0,Transient / Single Occurrence (1 detection),,,,Landuse: industrial,Other Thermal Source,"Remote from industrial infrastructure (3180m, 0 industries in 1km), rural/agricultural spectral profile (NDVI 0.67, NDBI -0.17), single/episodic burn.",Medium,Verify agricultural plot boundary or open field context on satellite imagery.,,,Unknown,Needs Human Validation
FIRMS_0090,63,2026-04-05,08:03,N20,VIIRS,23.21997,72.28629,1,342.66,312.71,29.95,12.36,n,0.56,0.43,5980.42,0,0,0,0.1775777414075286,0.1476380867762476,-0.3250460405156538,1,1,0,Transient / Single Occurrence (1 detection),Shiyapura Hydro Power Plant No.1,,plant,Name: Shiyapura Hydro Power Plant No.1; Landuse: industrial; Power: plant,Ambiguous (Review Required),"Intermediate proximity (5980m) or mixed spectral signals (NDVI 0.18, NDBI 0.15, FRP 12.36MW).",Ambiguous,Perform comprehensive multi-temporal optical imagery inspection (Sentinel-2 / Google Earth) to determine site activity.,,,Unknown,Needs Human Validation
FIRMS_0091,64,2026-04-06,07:44,N20,VIIRS,23.11073,72.68373,1,335.18,305.64,29.54,5.25,n,0.34,0.56,1923.66,0,0,1,0.4545877969259432,0.0183875530410183,-0.5127149430854928,2,1,0,"Moderate Persistence (2 detections across 1 dates, 0d span)",,,,Landuse: industrial,Ambiguous (Review Required),"Intermediate proximity (1924m) or mixed spectral signals (NDVI 0.45, NDBI 0.02, FRP 5.25MW).",Ambiguous,Perform comprehensive multi-temporal optical imagery inspection (Sentinel-2 / Google Earth) to determine site activity.,,,Unknown,Needs Human Validation
FIRMS_0092,64,2026-04-06,07:44,N20,VIIRS,23.11145,72.687,1,367.0,305.37,61.63,5.25,h,0.34,0.56,2217.75,0,0,0,0.3723161260849703,0.0377962844330557,-0.4812623274161736,2,1,0,"Moderate Persistence (2 detections across 1 dates, 0d span)",,,,Landuse: industrial,Ambiguous (Review Required),"Intermediate proximity (2218m) or mixed spectral signals (NDVI 0.37, NDBI 0.04, FRP 5.25MW).",Ambiguous,Perform comprehensive multi-temporal optical imagery inspection (Sentinel-2 / Google Earth) to determine site activity.,,,Unknown,Needs Human Validation
FIRMS_0093,65,2026-04-07,09:05,N20,VIIRS,22.9166,72.2655,1,338.38,293.48,44.9,6.01,n,0.42,0.61,5307.08,0,0,0,0.29979035639413,0.1698744769874477,-0.4078910019869429,1,1,0,Transient / Single Occurrence (1 detection),,,,Landuse: industrial,Other Thermal Source,"Remote from industrial infrastructure (5307m, 0 industries in 1km), rural/agricultural spectral profile (NDVI 0.30, NDBI 0.17), single/episodic burn.",Medium,Verify agricultural plot boundary or open field context on satellite imagery.,,,Unknown,Needs Human Validation
FIRMS_0094,4,2026-04-07,21:33,N20,VIIRS,22.98144,72.56304,0,304.68,291.02,13.66,0.88,n,0.41,0.61,683.64,0,3,9,0.5050505050505051,-0.0551006859924762,-0.5017322834645669,25,21,81,"High Persistence (16 detections across 14 dates, 77d span)",,,,Landuse: industrial,Persistent Industrial Heat,"Multi-date recurrence (21 dates over 81d span in cluster), inside/adjacent to industrial zone (dist 684m, NDBI -0.06).",High,Confirm industrial facility boundary and continuous operations via satellite basemap.,SAMPAD_R,Cluster 4 member; off-nadir footprint shift on western industrial boundary.,Persistent Industrial Heat,Validated
FIRMS_0095,66,2026-04-08,08:46,N20,VIIRS,22.85114,72.42912,1,339.79,307.57,32.22,3.41,n,0.43,0.46,2633.57,0,0,0,0.3637608397991784,0.0404624277456647,-0.4337811900191938,1,1,0,Transient / Single Occurrence (1 detection),,,,Landuse: industrial,Other Thermal Source,"Remote from industrial infrastructure (2634m, 0 industries in 1km), rural/agricultural spectral profile (NDVI 0.36, NDBI 0.04), single/episodic burn.",Medium,Verify agricultural plot boundary or open field context on satellite imagery.,,,Unknown,Needs Human Validation
FIRMS_0096,67,2026-04-08,08:46,N20,VIIRS,22.89433,72.50488,1,335.81,308.14,27.67,2.95,l,0.44,0.46,6141.7,0,0,0,0.2003205128205128,0.1431431431431431,-0.3574988672405981,1,1,0,Transient / Single Occurrence (1 detection),,works,,Man-made: works,Other Thermal Source,"Remote from industrial infrastructure (6142m, 0 industries in 1km), rural/agricultural spectral profile (NDVI 0.20, NDBI 0.14), single/episodic burn.",Medium,Verify agricultural plot boundary or open field context on satellite imagery.,,,Unknown,Needs Human Validation
FIRMS_0097,68,2026-04-08,08:46,N20,VIIRS,22.89587,72.33046,1,339.64,303.6,36.04,3.08,n,0.43,0.46,3160.76,0,0,0,0.6404663407295976,-0.1843605756177029,-0.5815808556925308,1,1,0,Transient / Single Occurrence (1 detection),,,,Landuse: industrial,Other Thermal Source,"Remote from industrial infrastructure (3161m, 0 industries in 1km), rural/agricultural spectral profile (NDVI 0.64, NDBI -0.18), single/episodic burn.",Medium,Verify agricultural plot boundary or open field context on satellite imagery.,,,Unknown,Needs Human Validation
FIRMS_0098,4,2026-04-08,21:15,N20,VIIRS,22.97749,72.56292,0,310.99,293.68,17.31,0.98,n,0.41,0.45,582.15,0,2,7,0.1602708803611738,0.1490066225165563,-0.3160204828090709,25,21,81,"High Persistence (18 detections across 16 dates, 77d span)",,,,Landuse: industrial,Persistent Industrial Heat,"Multi-date recurrence (21 dates over 81d span in cluster), inside/adjacent to industrial zone (dist 582m, NDBI 0.15).",High,Confirm industrial facility boundary and continuous operations via satellite basemap.,SAMPAD_R,Confirmed chronic nocturnal heat source in industrial estate; 81d recurrence.,Persistent Industrial Heat,Validated
FIRMS_0099,69,2026-04-09,08:28,N20,VIIRS,22.80832,72.51103,1,340.13,310.76,29.37,5.88,l,0.4,0.37,7655.08,0,0,0,0.1508085746521248,0.2353823088455772,-0.2734082397003745,1,1,0,Transient / Single Occurrence (1 detection),,,,Landuse: industrial,Ambiguous (Review Required),"Intermediate proximity (7655m) or mixed spectral signals (NDVI 0.15, NDBI 0.24, FRP 5.88MW).",Ambiguous,Perform comprehensive multi-temporal optical imagery inspection (Sentinel-2 / Google Earth) to determine site activity.,,,Unknown,Needs Human Validation
FIRMS_0100,70,2026-04-09,08:28,N20,VIIRS,22.98868,72.41434,1,337.69,310.07,27.62,4.41,l,0.4,0.37,5058.6,0,0,0,0.8027228358592345,-0.2734530938123752,-0.7255962626014261,2,1,0,"Moderate Persistence (2 detections across 1 dates, 0d span)",,container_terminal,,Landuse: industrial; Man-made: container_terminal,Other Thermal Source,"Remote from industrial infrastructure (5059m, 0 industries in 1km), rural/agricultural spectral profile (NDVI 0.80, NDBI -0.27), single/episodic burn.",High,Verify agricultural plot boundary or open field context on satellite imagery.,SAMPAD_R,"Cluster 70: Remote rural terrain 5.1km from industry, peak NDVI (0.803), negative NDBI (-0.273), single-day daytime burn.",Other Thermal Source,Validated
FIRMS_0101,70,2026-04-09,08:28,N20,VIIRS,22.98924,72.41818,1,337.68,306.25,31.43,4.41,n,0.4,0.37,5253.21,0,0,0,0.0221995406991579,-0.0531019978969505,-0.0633045786330457,2,1,0,"Moderate Persistence (2 detections across 1 dates, 0d span)",,container_terminal,,Landuse: industrial; Man-made: container_terminal,Other Thermal Source,"Remote from industrial infrastructure (5253m, 0 industries in 1km), rural/agricultural spectral profile (NDVI 0.02, NDBI -0.05), single/episodic burn.",Medium,Verify agricultural plot boundary or open field context on satellite imagery.,SAMPAD_R,"Cluster 70: Remote rural terrain 5.3km from industry, negative NDBI (-0.053), single-day daytime burn.",Other Thermal Source,Validated
FIRMS_0102,71,2026-04-09,08:28,N20,VIIRS,23.04877,72.3171,1,342.02,312.62,29.4,5.38,n,0.39,0.37,2653.28,0,0,0,0.1557842441447835,0.1052197802197802,-0.3148970528865563,1,1,0,Transient / Single Occurrence (1 detection),,,,Landuse: industrial,Ambiguous (Review Required),"Intermediate proximity (2653m) or mixed spectral signals (NDVI 0.16, NDBI 0.11, FRP 5.38MW).",Ambiguous,Perform comprehensive multi-temporal optical imagery inspection (Sentinel-2 / Google Earth) to determine site activity.,,,Unknown,Needs Human Validation
FIRMS_0103,72,2026-04-09,20:56,N20,VIIRS,22.96495,72.54324,0,306.43,293.66,12.77,0.59,n,0.39,0.36,1325.84,0,0,5,0.2156774916013437,0.0249685647566014,-0.2902305681007844,1,1,0,Transient / Single Occurrence (1 detection),,,,Landuse: industrial,Ambiguous (Review Required),"Intermediate proximity (1326m) or mixed spectral signals (NDVI 0.22, NDBI 0.02, FRP 0.59MW).",Ambiguous,Perform comprehensive multi-temporal optical imagery inspection (Sentinel-2 / Google Earth) to determine site activity.,,,Unknown,Needs Human Validation
FIRMS_0104,73,2026-04-10,08:09,N20,VIIRS,23.03078,72.3464,1,354.13,318.85,35.28,10.27,n,0.47,0.39,2101.72,0,0,0,0.2817777777777778,0.1207317073170731,-0.4077448747152619,1,1,0,Transient / Single Occurrence (1 detection),,,generator,Power: generator,Ambiguous (Review Required),"Intermediate proximity (2102m) or mixed spectral signals (NDVI 0.28, NDBI 0.12, FRP 10.27MW).",Ambiguous,Perform comprehensive multi-temporal optical imagery inspection (Sentinel-2 / Google Earth) to determine site activity.,,,Unknown,Needs Human Validation
FIRMS_0105,74,2026-04-10,20:37,N20,VIIRS,22.90541,72.431,0,308.55,295.17,13.38,1.49,n,0.48,0.4,605.36,0,5,9,0.024804469273743,0.1762169929944314,-0.0803297997644287,3,2,39,"Moderate Persistence (3 detections across 2 dates, 39d span)",esdee paints near,works,,Name: esdee paints near; Man-made: works,Persistent Industrial Heat,"Multi-date recurrence (2 dates over 39d span in cluster), inside/adjacent to industrial zone (dist 605m, NDBI 0.18).",Medium,Confirm industrial facility boundary and continuous operations via satellite basemap.,,,Unknown,Needs Human Validation
FIRMS_0106,75,2026-04-10,20:37,N20,VIIRS,22.99735,72.49593,0,305.92,293.34,12.58,1.27,n,0.48,0.4,1111.95,0,0,2,0.5455271565495208,-0.0041515308770108,-0.5114235500878734,1,1,0,Transient / Single Occurrence (1 detection),Rekson Rediator,works,,Name: Rekson Rediator; Man-made: works,Ambiguous (Review Required),"Intermediate proximity (1112m) or mixed spectral signals (NDVI 0.55, NDBI -0.00, FRP 1.27MW).",Ambiguous,Perform comprehensive multi-temporal optical imagery inspection (Sentinel-2 / Google Earth) to determine site activity.,,,Unknown,Needs Human Validation
FIRMS_0107,76,2026-04-11,07:50,N20,VIIRS,23.18023,72.4329,1,342.72,311.81,30.91,5.7,n,0.57,0.52,845.4,0,2,3,0.4363982848975702,-0.0001658649859014,-0.4801178203240059,1,1,0,Transient / Single Occurrence (1 detection),,,generator,Power: generator,Ambiguous (Review Required),"Intermediate proximity (845m) or mixed spectral signals (NDVI 0.44, NDBI -0.00, FRP 5.70MW).",Ambiguous,Perform comprehensive multi-temporal optical imagery inspection (Sentinel-2 / Google Earth) to determine site activity.,,,Unknown,Needs Human Validation
FIRMS_0108,77,2026-04-13,08:53,N20,VIIRS,23.14765,72.59921,1,344.51,316.7,27.81,12.75,l,0.56,0.51,2473.92,0,0,0,0.2243265993265993,0.1155366372757677,-0.3770414201183432,2,1,0,"Moderate Persistence (2 detections across 1 dates, 0d span)",,,,Landuse: industrial,Ambiguous (Review Required),"Intermediate proximity (2474m) or mixed spectral signals (NDVI 0.22, NDBI 0.12, FRP 12.75MW).",Ambiguous,Perform comprehensive multi-temporal optical imagery inspection (Sentinel-2 / Google Earth) to determine site activity.,,,Unknown,Needs Human Validation
FIRMS_0109,77,2026-04-13,08:53,N20,VIIRS,23.1508,72.59597,1,343.41,316.88,26.53,10.48,l,0.56,0.51,2831.25,0,0,0,0.4016172506738544,-0.0004275331338178,-0.4615865084322298,2,1,0,"Moderate Persistence (2 detections across 1 dates, 0d span)",,,,Landuse: industrial,Other Thermal Source,"Remote from industrial infrastructure (2831m, 0 industries in 1km), rural/agricultural spectral profile (NDVI 0.40, NDBI -0.00), single/episodic burn.",Medium,Verify agricultural plot boundary or open field context on satellite imagery.,,,Unknown,Needs Human Validation
FIRMS_0110,28,2026-04-14,08:34,N20,VIIRS,22.81889,72.38586,1,350.82,324.0,26.82,13.4,n,0.44,0.38,1179.34,0,0,3,0.2433554817275747,0.1570945945945946,-0.3300755219902265,3,2,22,"Moderate Persistence (3 detections across 2 dates, 22d span)",,,,Landuse: industrial,Persistent Industrial Heat,"Multi-date recurrence (2 dates over 22d span in cluster), inside/adjacent to industrial zone (dist 1179m, NDBI 0.16).",Medium,Confirm industrial facility boundary and continuous operations via satellite basemap.,SAMPAD_R,"Cluster 28: Multi-date recurrence (22d span) in industrial cluster, 1179m to industry, NDBI (+0.157), FRP 13.40 MW, operational furnace heat.",Persistent Industrial Heat,Validated
FIRMS_0111,28,2026-04-14,08:34,N20,VIIRS,22.81947,72.39011,1,347.22,320.52,26.7,17.01,l,0.44,0.38,1502.4,0,0,3,0.3676688023656974,0.020818630910374,-0.4411841080238899,3,2,22,"Moderate Persistence (2 detections across 1 dates, 0d span)",,,,Landuse: industrial,Ambiguous (Review Required),"Intermediate proximity (1502m) or mixed spectral signals (NDVI 0.37, NDBI 0.02, FRP 17.01MW).",Ambiguous,Perform comprehensive multi-temporal optical imagery inspection (Sentinel-2 / Google Earth) to determine site activity.,SAMPAD_R,"Cluster 28: Multi-date recurrence (22d span) in industrial cluster, 1502m to industry, NDBI (+0.021), FRP 17.01 MW, operational furnace heat.",Persistent Industrial Heat,Validated
FIRMS_0112,78,2026-04-14,21:02,N20,VIIRS,23.08708,72.40451,0,306.08,295.79,10.29,0.58,n,0.42,0.38,4265.5,0,0,0,0.2190959409594096,0.1767637439651144,-0.3508816764630718,1,1,0,Transient / Single Occurrence (1 detection),,,,Landuse: industrial,Other Thermal Source,"Remote from industrial infrastructure (4266m, 0 industries in 1km), rural/agricultural spectral profile (NDVI 0.22, NDBI 0.18), single/episodic burn.",Medium,Verify agricultural plot boundary or open field context on satellite imagery.,,,Unknown,Needs Human Validation
FIRMS_0113,79,2026-04-16,07:56,N20,VIIRS,23.14291,72.34533,1,345.71,313.7,32.01,6.1,n,0.46,0.47,4566.1,0,0,0,0.197151424287856,0.2916389443335551,-0.3690527218174025,1,1,0,Transient / Single Occurrence (1 detection),,,,Landuse: industrial,Ambiguous (Review Required),"Intermediate proximity (4566m) or mixed spectral signals (NDVI 0.20, NDBI 0.29, FRP 6.10MW).",Ambiguous,Perform comprehensive multi-temporal optical imagery inspection (Sentinel-2 / Google Earth) to determine site activity.,,,Unknown,Needs Human Validation
FIRMS_0114,80,2026-04-17,07:38,N20,VIIRS,23.09766,72.35985,1,332.13,304.33,27.8,3.87,l,0.46,0.63,5517.76,0,0,0,0.2501936483346243,0.220666344760985,-0.3974025974025974,3,2,43,"Moderate Persistence (3 detections across 2 dates, 43d span)",,,,Landuse: industrial,Ambiguous (Review Required),"Intermediate proximity (5518m) or mixed spectral signals (NDVI 0.25, NDBI 0.22, FRP 3.87MW).",Ambiguous,Perform comprehensive multi-temporal optical imagery inspection (Sentinel-2 / Google Earth) to determine site activity.,,,Unknown,Needs Human Validation
FIRMS_0115,80,2026-04-17,07:38,N20,VIIRS,23.09801,72.35852,1,334.06,306.28,27.78,3.02,n,0.46,0.63,5576.12,0,0,0,0.1470588235294117,0.0481852315394242,-0.205229793977813,3,2,43,"Moderate Persistence (3 detections across 2 dates, 43d span)",,,,Landuse: industrial,Ambiguous (Review Required),"Intermediate proximity (5576m) or mixed spectral signals (NDVI 0.15, NDBI 0.05, FRP 3.02MW).",Ambiguous,Perform comprehensive multi-temporal optical imagery inspection (Sentinel-2 / Google Earth) to determine site activity.,,,Unknown,Needs Human Validation
FIRMS_0116,81,2026-04-18,08:59,N20,VIIRS,22.78016,72.34639,1,344.44,312.61,31.83,3.28,n,0.33,0.56,883.66,0,1,6,0.1714129244249726,0.1946536144578313,-0.2920567804288734,2,2,2,"Moderate Persistence (2 detections across 2 dates, 2d span)",,,,Landuse: industrial,Persistent Industrial Heat,"Multi-date recurrence (2 dates over 2d span in cluster), inside/adjacent to industrial zone (dist 884m, NDBI 0.19).",Medium,Confirm industrial facility boundary and continuous operations via satellite basemap.,SAMPAD_R,"Cluster 81: Optical inspection queued. Acute 2d event inside industrial zone (884m), FRP 3.28 MW. Precursor to 27.5 MW spike.",Industrial Fire,Validated
FIRMS_0117,82,2026-04-18,08:59,N20,VIIRS,22.85525,72.52629,1,347.69,319.39,28.3,7.47,l,0.34,0.56,5116.65,0,0,0,0.21982414068745,0.0823812387251954,-0.3498452012383901,2,1,0,"Moderate Persistence (2 detections across 1 dates, 0d span)",,,,Landuse: industrial,Other Thermal Source,"Remote from industrial infrastructure (5117m, 0 industries in 1km), rural/agricultural spectral profile (NDVI 0.22, NDBI 0.08), single/episodic burn.",Medium,Verify agricultural plot boundary or open field context on satellite imagery.,,,Unknown,Needs Human Validation
FIRMS_0118,82,2026-04-18,08:59,N20,VIIRS,22.85662,72.52569,1,349.34,320.8,28.54,8.63,n,0.34,0.56,5093.38,0,0,0,0.1492094861660079,0.1775106082036775,-0.2745205479452055,2,1,0,"Moderate Persistence (2 detections across 1 dates, 0d span)",,,,Landuse: industrial,Ambiguous (Review Required),"Intermediate proximity (5093m) or mixed spectral signals (NDVI 0.15, NDBI 0.18, FRP 8.63MW).",Ambiguous,Perform comprehensive multi-temporal optical imagery inspection (Sentinel-2 / Google Earth) to determine site activity.,,,Unknown,Needs Human Validation
FIRMS_0119,4,2026-04-18,21:27,N20,VIIRS,22.97871,72.56477,0,305.85,295.17,10.68,1.14,n,0.32,0.55,397.67,1,3,7,0.0886524822695035,0.1057384212059423,-0.2048665620094191,25,21,81,"High Persistence (24 detections across 21 dates, 81d span)",,,,Landuse: industrial,Persistent Industrial Heat,"Multi-date recurrence (21 dates over 81d span in cluster), inside/adjacent to industrial zone (dist 398m, NDBI 0.11).",High,Confirm industrial facility boundary and continuous operations via satellite basemap.,SAMPAD_R,Confirmed chronic nocturnal heat source in industrial estate; 81d recurrence.,Persistent Industrial Heat,Validated
FIRMS_0120,81,2026-04-20,08:21,N20,VIIRS,22.7823,72.3466,1,342.18,313.57,28.61,27.49,l,0.39,0.36,1110.4,0,0,5,0.4143322475570032,0.1284624648735447,-0.4673876309564042,2,2,2,"Moderate Persistence (2 detections across 2 dates, 2d span)",,,,Landuse: industrial,Persistent Industrial Heat,"Multi-date recurrence (2 dates over 2d span in cluster), inside/adjacent to industrial zone (dist 1110m, NDBI 0.13).",Medium,Confirm industrial facility boundary and continuous operations via satellite basemap.,SAMPAD_R,"Cluster 81: Optical inspection queued. Acute 2d event inside industrial zone (1110m), dataset maximum FRP 27.49 MW spike. Candidate Industrial Fire.",Industrial Fire,Validated
FIRMS_0121,4,2026-04-20,20:49,N20,VIIRS,22.97903,72.56763,0,312.07,297.3,14.77,1.32,n,0.39,0.36,149.8,1,2,7,0.1230502599653379,0.1268527430221366,-0.2458115902224663,25,21,81,"High Persistence (20 detections across 18 dates, 81d span)",,,,Landuse: industrial,Persistent Industrial Heat,"Multi-date recurrence (21 dates over 81d span in cluster), inside/adjacent to industrial zone (dist 150m, NDBI 0.13).",High,Confirm industrial facility boundary and continuous operations via satellite basemap.,SAMPAD_R,Confirmed chronic nocturnal heat source in industrial estate; 81d recurrence.,Persistent Industrial Heat,Validated
FIRMS_0122,83,2026-04-21,08:03,N20,VIIRS,22.95614,72.57651,1,344.55,316.62,27.93,12.87,l,0.55,0.43,990.91,0,1,7,0.2261594580510682,0.1374633431085044,-0.3426533523537803,1,1,0,Transient / Single Occurrence (1 detection),,,,Landuse: industrial,Industrial Fire,"Acute transient detection (span 0d) with elevated thermal emission (FRP 12.87MW, TI4 344.6K) inside industrial zone (991m, NDBI 0.14).",Low,Cross-reference with local municipal fire dispatch logs or optical smoke plume evidence.,,,Unknown,Needs Human Validation
FIRMS_0123,84,2026-04-21,20:31,N20,VIIRS,22.95196,72.56094,0,310.32,296.13,14.19,2.46,n,0.39,0.44,752.9,0,2,4,0.2098648328195399,0.2385074626865671,-0.2196987807793449,1,1,0,Transient / Single Occurrence (1 detection),Piplaj,,,Name: Piplaj; Landuse: industrial,Ambiguous (Review Required),"Intermediate proximity (753m) or mixed spectral signals (NDVI 0.21, NDBI 0.24, FRP 2.46MW).",Ambiguous,Perform comprehensive multi-temporal optical imagery inspection (Sentinel-2 / Google Earth) to determine site activity.,,,Unknown,Needs Human Validation
FIRMS_0124,85,2026-04-21,20:31,N20,VIIRS,22.99586,72.54735,0,322.87,297.72,25.15,2.55,n,0.39,0.44,1016.9,0,0,1,0.4197632810349573,0.006739842095128,-0.4574738626730715,1,1,0,Transient / Single Occurrence (1 detection),,,,Landuse: industrial,Ambiguous (Review Required),"Intermediate proximity (1017m) or mixed spectral signals (NDVI 0.42, NDBI 0.01, FRP 2.55MW).",Ambiguous,Perform comprehensive multi-temporal optical imagery inspection (Sentinel-2 / Google Earth) to determine site activity.,,,Unknown,Needs Human Validation
FIRMS_0125,86,2026-04-22,07:44,N20,VIIRS,22.92417,72.51684,1,340.06,312.98,27.08,3.5,n,0.36,0.57,4061.98,0,0,0,0.2332170880557977,0.0416666666666666,-0.310632383599722,2,1,0,"Moderate Persistence (2 detections across 1 dates, 0d span)",,,,Landuse: industrial,Other Thermal Source,"Remote from industrial infrastructure (4062m, 0 industries in 1km), rural/agricultural spectral profile (NDVI 0.23, NDBI 0.04), single/episodic burn.",Medium,Verify agricultural plot boundary or open field context on satellite imagery.,SAMPAD_R,"Cluster 86: Remote agricultural plot 4.1km from industry, NDVI (0.233), single-day daytime crop burn.",Other Thermal Source,Validated
FIRMS_0126,86,2026-04-22,07:44,N20,VIIRS,22.92444,72.51591,1,343.38,312.95,30.43,3.64,n,0.36,0.57,4139.34,0,0,0,0.5329525483304042,-0.1273021001615508,-0.5434638354346384,2,1,0,"Moderate Persistence (2 detections across 1 dates, 0d span)",,,,Landuse: industrial,Other Thermal Source,"Remote from industrial infrastructure (4139m, 0 industries in 1km), rural/agricultural spectral profile (NDVI 0.53, NDBI -0.13), single/episodic burn.",High,Verify agricultural plot boundary or open field context on satellite imagery.,SAMPAD_R,"Cluster 86: Remote agricultural plot 4.1km from industry, high NDVI (0.533), negative NDBI (-0.127), single-day daytime crop burn.",Other Thermal Source,Validated
FIRMS_0127,87,2026-04-22,07:44,N20,VIIRS,22.92534,72.27306,1,338.22,311.25,26.97,2.51,l,0.37,0.58,4588.11,0,0,0,0.1371061843640607,0.2210231814548361,-0.2441749122247047,1,1,0,Transient / Single Occurrence (1 detection),,,,Landuse: industrial,Ambiguous (Review Required),"Intermediate proximity (4588m) or mixed spectral signals (NDVI 0.14, NDBI 0.22, FRP 2.51MW).",Ambiguous,Perform comprehensive multi-temporal optical imagery inspection (Sentinel-2 / Google Earth) to determine site activity.,,,Unknown,Needs Human Validation
FIRMS_0128,88,2026-04-23,09:05,N20,VIIRS,22.97361,72.55895,1,340.84,313.57,27.27,5.44,l,0.44,0.62,77.59,1,3,8,0.1660948536831483,0.0617083468658655,-0.2865731462925852,1,1,0,Transient / Single Occurrence (1 detection),,,,Landuse: industrial,Industrial Fire,"Acute transient detection (span 0d) with elevated thermal emission (FRP 5.44MW, TI4 340.8K) inside industrial zone (78m, NDBI 0.06).",Medium,Cross-reference with local municipal fire dispatch logs or optical smoke plume evidence.,,,Unknown,Needs Human Validation
FIRMS_0129,89,2026-04-23,09:05,N20,VIIRS,23.07861,72.32619,1,339.18,311.35,27.83,6.86,l,0.42,0.61,2474.71,0,0,0,0.4636792452830188,0.0306154326772883,-0.5278188084687346,2,1,0,"Moderate Persistence (2 detections across 1 dates, 0d span)",,,generator,Power: generator,Ambiguous (Review Required),"Intermediate proximity (2475m) or mixed spectral signals (NDVI 0.46, NDBI 0.03, FRP 6.86MW).",Ambiguous,Perform comprehensive multi-temporal optical imagery inspection (Sentinel-2 / Google Earth) to determine site activity.,,,Unknown,Needs Human Validation
FIRMS_0130,89,2026-04-23,09:05,N20,VIIRS,23.08136,72.32452,1,348.93,312.13,36.8,6.46,n,0.42,0.61,2250.69,0,0,0,0.3148944888342552,0.0848424354769713,-0.4262222222222222,2,1,0,"Moderate Persistence (2 detections across 1 dates, 0d span)",,,generator,Power: generator,Ambiguous (Review Required),"Intermediate proximity (2251m) or mixed spectral signals (NDVI 0.31, NDBI 0.08, FRP 6.46MW).",Ambiguous,Perform comprehensive multi-temporal optical imagery inspection (Sentinel-2 / Google Earth) to determine site activity.,,,Unknown,Needs Human Validation
FIRMS_0131,4,2026-04-23,21:33,N20,VIIRS,22.97618,72.56326,0,309.33,297.01,12.32,1.59,n,0.4,0.6,525.2,0,2,7,0.1707317073170731,0.1532307692307692,-0.3001574803149606,25,21,81,"High Persistence (15 detections across 14 dates, 77d span)",,,,Landuse: industrial,Persistent Industrial Heat,"Multi-date recurrence (21 dates over 81d span in cluster), inside/adjacent to industrial zone (dist 525m, NDBI 0.15).",High,Confirm industrial facility boundary and continuous operations via satellite basemap.,SAMPAD_R,Confirmed chronic nocturnal heat source in industrial estate; 81d recurrence.,Persistent Industrial Heat,Validated
FIRMS_0132,90,2026-04-24,08:46,N20,VIIRS,22.83231,72.52499,1,344.9,319.33,25.57,8.25,l,0.43,0.46,6553.58,0,0,0,0.2454754014784603,0.1937293729372937,-0.3806159932184232,2,1,0,"Moderate Persistence (2 detections across 1 dates, 0d span)",,,,Landuse: industrial,Other Thermal Source,"Remote from industrial infrastructure (6554m, 0 industries in 1km), rural/agricultural spectral profile (NDVI 0.25, NDBI 0.19), single/episodic burn.",Medium,Verify agricultural plot boundary or open field context on satellite imagery.,,,Unknown,Needs Human Validation
FIRMS_0133,90,2026-04-24,08:46,N20,VIIRS,22.83278,72.52921,1,345.98,320.68,25.3,8.25,l,0.43,0.46,6134.9,0,0,0,0.1477215823735603,0.1688123300090661,-0.2733333333333333,2,1,0,"Moderate Persistence (2 detections across 1 dates, 0d span)",,,,Landuse: industrial,Ambiguous (Review Required),"Intermediate proximity (6135m) or mixed spectral signals (NDVI 0.15, NDBI 0.17, FRP 8.25MW).",Ambiguous,Perform comprehensive multi-temporal optical imagery inspection (Sentinel-2 / Google Earth) to determine site activity.,,,Unknown,Needs Human Validation
FIRMS_0134,91,2026-04-24,08:46,N20,VIIRS,23.01619,72.63089,1,343.51,316.94,26.57,7.86,l,0.44,0.46,296.99,2,3,10,0.1120354963948973,0.1355895667169648,-0.1970149253731343,1,1,0,Transient / Single Occurrence (1 detection),,,,Landuse: industrial,Industrial Fire,"Acute transient detection (span 0d) with elevated thermal emission (FRP 7.86MW, TI4 343.5K) inside industrial zone (297m, NDBI 0.14).",Medium,Cross-reference with local municipal fire dispatch logs or optical smoke plume evidence.,,,Unknown,Needs Human Validation
FIRMS_0135,92,2026-04-24,08:47,N20,VIIRS,23.07626,72.48165,1,344.1,318.96,25.14,6.27,l,0.43,0.46,1514.18,0,0,1,0.2260832260832261,0.1095186166069481,-0.34115438761145,1,1,0,Transient / Single Occurrence (1 detection),,,,Landuse: industrial,Ambiguous (Review Required),"Intermediate proximity (1514m) or mixed spectral signals (NDVI 0.23, NDBI 0.11, FRP 6.27MW).",Ambiguous,Perform comprehensive multi-temporal optical imagery inspection (Sentinel-2 / Google Earth) to determine site activity.,,,Unknown,Needs Human Validation
FIRMS_0136,4,2026-04-24,21:15,N20,VIIRS,22.97655,72.56552,0,312.71,298.03,14.68,1.76,n,0.41,0.45,351.32,1,2,7,0.1594014313597918,0.1500119246362986,-0.2765042979942693,25,21,81,"High Persistence (20 detections across 18 dates, 81d span)",,,,Landuse: industrial,Persistent Industrial Heat,"Multi-date recurrence (21 dates over 81d span in cluster), inside/adjacent to industrial zone (dist 351m, NDBI 0.15).",High,Confirm industrial facility boundary and continuous operations via satellite basemap.,SAMPAD_R,Confirmed chronic nocturnal heat source in industrial estate; 81d recurrence.,Persistent Industrial Heat,Validated
FIRMS_0137,4,2026-04-24,21:15,N20,VIIRS,22.9806,72.56644,0,318.14,297.65,20.49,1.76,n,0.41,0.45,361.96,1,3,8,0.157010428736964,0.1773429454170957,-0.3014011078527207,25,21,81,"High Persistence (22 detections across 20 dates, 81d span)",,,,Landuse: industrial,Persistent Industrial Heat,"Multi-date recurrence (21 dates over 81d span in cluster), inside/adjacent to industrial zone (dist 362m, NDBI 0.18).",High,Confirm industrial facility boundary and continuous operations via satellite basemap.,SAMPAD_R,Confirmed chronic nocturnal heat source in industrial estate; 81d recurrence.,Persistent Industrial Heat,Validated
FIRMS_0138,93,2026-04-25,08:28,N20,VIIRS,22.83576,72.56556,1,349.39,322.41,26.98,13.7,l,0.4,0.37,2703.22,0,0,0,0.1214356929212363,0.1604717121958501,-0.2525612472160356,1,1,0,Transient / Single Occurrence (1 detection),,,,Landuse: industrial,Ambiguous (Review Required),"Intermediate proximity (2703m) or mixed spectral signals (NDVI 0.12, NDBI 0.16, FRP 13.70MW).",Ambiguous,Perform comprehensive multi-temporal optical imagery inspection (Sentinel-2 / Google Earth) to determine site activity.,,,Unknown,Needs Human Validation
FIRMS_0139,3,2026-04-25,08:28,N20,VIIRS,22.96237,72.54801,1,347.21,321.77,25.44,21.37,l,0.4,0.37,1059.3,0,0,5,0.0929811866859623,0.0762880293533098,-0.2127659574468085,4,3,54,"Moderate Persistence (4 detections across 3 dates, 54d span)","Chiripal industries ,pirana",works,,"Name: Chiripal industries ,pirana; Man-made: works",Persistent Industrial Heat,"Multi-date recurrence (3 dates over 54d span in cluster), inside/adjacent to industrial zone (dist 1059m, NDBI 0.08).",Medium,Confirm industrial facility boundary and continuous operations via satellite basemap.,SAMPAD_R,Verified daytime operational thermal peak (21.4 MW) at Chiripal Industries (works); 54d recurrence.,Persistent Industrial Heat,Validated
FIRMS_0140,94,2026-04-26,20:37,N20,VIIRS,23.01382,72.33582,0,313.33,299.05,14.28,2.05,n,0.49,0.41,494.09,1,1,2,0.5768339768339769,-0.1248622842453176,-0.5615600305888351,2,2,26,"Moderate Persistence (2 detections across 2 dates, 26d span)",,,,Landuse: industrial,Ambiguous (Review Required),"Intermediate proximity (494m) or mixed spectral signals (NDVI 0.58, NDBI -0.12, FRP 2.05MW).",Ambiguous,Perform comprehensive multi-temporal optical imagery inspection (Sentinel-2 / Google Earth) to determine site activity.,SAMPAD_R,"Cluster 94: Multi-date chronic nocturnal recurrence (26d span), 494m to industry, steady low FRP (2.05 MW), factory furnace baseline.",Persistent Industrial Heat,Validated
FIRMS_0141,95,2026-04-27,07:50,N20,VIIRS,22.93092,72.26733,1,340.59,312.15,28.44,3.38,l,0.59,0.53,3807.55,0,0,0,0.2256703826453751,0.1721611721611721,-0.3055198973042362,1,1,0,Transient / Single Occurrence (1 detection),,,,Landuse: industrial,Other Thermal Source,"Remote from industrial infrastructure (3808m, 0 industries in 1km), rural/agricultural spectral profile (NDVI 0.23, NDBI 0.17), single/episodic burn.",Medium,Verify agricultural plot boundary or open field context on satellite imagery.,,,Unknown,Needs Human Validation
FIRMS_0142,3,2026-04-27,07:50,N20,VIIRS,22.95882,72.54778,1,345.27,316.52,28.75,11.94,n,0.57,0.52,1043.21,0,0,5,0.1389424106187112,0.114513981358189,-0.2517647058823529,4,3,54,"Moderate Persistence (4 detections across 3 dates, 54d span)",Piplaj,,,Name: Piplaj; Landuse: industrial,Persistent Industrial Heat,"Multi-date recurrence (3 dates over 54d span in cluster), inside/adjacent to industrial zone (dist 1043m, NDBI 0.11).",Medium,Confirm industrial facility boundary and continuous operations via satellite basemap.,SAMPAD_R,Verified daytime industrial boiler/process heat at Piplaj industrial estate; co-located with Cluster 3.,Persistent Industrial Heat,Validated
FIRMS_0143,3,2026-04-27,07:50,N20,VIIRS,22.96,72.54593,1,341.37,315.54,25.83,12.1,l,0.57,0.52,1247.26,0,0,4,0.1371601208459214,0.2283722837228372,-0.2559225892559226,4,3,54,"Moderate Persistence (4 detections across 3 dates, 54d span)",Piplaj,,,Name: Piplaj; Landuse: industrial,Persistent Industrial Heat,"Multi-date recurrence (3 dates over 54d span in cluster), inside/adjacent to industrial zone (dist 1247m, NDBI 0.23).",Medium,Confirm industrial facility boundary and continuous operations via satellite basemap.,SAMPAD_R,Verified simultaneous multi-pixel thermal footprint at Piplaj industrial estate (NDBI +0.23); co-located.,Persistent Industrial Heat,Validated
FIRMS_0144,96,2026-04-28,07:31,N20,VIIRS,23.01009,72.39418,1,335.66,308.97,26.69,4.84,l,0.58,0.7,1941.44,0,0,1,0.1826972010178117,0.1387808041504539,-0.3249714937286203,1,1,0,Transient / Single Occurrence (1 detection),,container_terminal,,Landuse: industrial; Man-made: container_terminal,Ambiguous (Review Required),"Intermediate proximity (1941m) or mixed spectral signals (NDVI 0.18, NDBI 0.14, FRP 4.84MW).",Ambiguous,Perform comprehensive multi-temporal optical imagery inspection (Sentinel-2 / Google Earth) to determine site activity.,,,Unknown,Needs Human Validation
FIRMS_0145,4,2026-04-28,21:40,N20,VIIRS,22.98177,72.56716,0,306.99,295.07,11.92,2.39,n,0.51,0.66,442.54,1,3,9,0.1396309556595979,0.1807562858839833,-0.2635114503816794,25,21,81,"High Persistence (19 detections across 18 dates, 81d span)",,,,Landuse: industrial,Persistent Industrial Heat,"Multi-date recurrence (21 dates over 81d span in cluster), inside/adjacent to industrial zone (dist 443m, NDBI 0.18).",High,Confirm industrial facility boundary and continuous operations via satellite basemap.,SAMPAD_R,Confirmed chronic nocturnal heat source in industrial estate; 81d recurrence.,Persistent Industrial Heat,Validated
FIRMS_0146,97,2026-04-29,08:53,N20,VIIRS,23.01806,72.67479,1,348.11,312.04,36.07,9.26,n,0.55,0.51,622.45,0,1,6,0.0531590413943355,0.0718125960061444,-0.1320843091334894,2,1,0,"Moderate Persistence (2 detections across 1 dates, 0d span)",,,,Landuse: industrial,Industrial Fire,"Acute transient detection (span 0d) with elevated thermal emission (FRP 9.26MW, TI4 348.1K) inside industrial zone (622m, NDBI 0.07).",Low,Cross-reference with local municipal fire dispatch logs or optical smoke plume evidence.,SAMPAD_R,"Cluster 97: Optical inspection queued. Single-day acute event inside Odhav/Kathwada GIDC (622m), FRP 9.26 MW, Delta T 36.07 K.",Industrial Fire,Validated
FIRMS_0147,97,2026-04-29,08:53,N20,VIIRS,23.0193,72.672,1,343.64,311.06,32.58,5.51,n,0.56,0.51,802.52,0,1,7,0.0319148936170212,0.0438303115648653,-0.0938380990737011,2,1,0,"Moderate Persistence (2 detections across 1 dates, 0d span)",,,,Landuse: industrial,Industrial Fire,"Acute transient detection (span 0d) with elevated thermal emission (FRP 5.51MW, TI4 343.6K) inside industrial zone (803m, NDBI 0.04).",Low,Cross-reference with local municipal fire dispatch logs or optical smoke plume evidence.,SAMPAD_R,"Cluster 97: Optical inspection queued. Single-day acute event inside Odhav/Kathwada GIDC (803m), FRP 5.51 MW, Delta T 32.58 K.",Industrial Fire,Validated
FIRMS_0148,98,2026-04-29,08:53,N20,VIIRS,23.0284,72.26031,1,344.12,310.01,34.11,11.9,n,0.52,0.5,884.33,0,1,14,0.1444947209653092,0.2269763651181744,-0.244342407346671,1,1,0,Transient / Single Occurrence (1 detection),,,,Landuse: industrial,Industrial Fire,"Acute transient detection (span 0d) with elevated thermal emission (FRP 11.90MW, TI4 344.1K) inside industrial zone (884m, NDBI 0.23).",Low,Cross-reference with local municipal fire dispatch logs or optical smoke plume evidence.,,,Unknown,Needs Human Validation
FIRMS_0149,99,2026-04-29,08:53,N20,VIIRS,23.14301,72.55698,1,340.36,311.42,28.94,4.35,l,0.55,0.51,2590.24,0,0,0,0.0119250425894378,0.0875576036866359,0.2369942196531791,1,1,0,Transient / Single Occurrence (1 detection),ICD Khodiyar depot,,,Name: ICD Khodiyar depot; Landuse: industrial,Ambiguous (Review Required),"Intermediate proximity (2590m) or mixed spectral signals (NDVI 0.01, NDBI 0.09, FRP 4.35MW).",Ambiguous,Perform comprehensive multi-temporal optical imagery inspection (Sentinel-2 / Google Earth) to determine site activity.,,,Unknown,Needs Human Validation
FIRMS_0150,4,2026-05-04,21:27,N20,VIIRS,22.9789,72.56432,0,311.47,295.65,15.82,1.57,n,0.32,0.54,447.25,1,3,7,0.1367682762341516,0.1473087818696883,-0.2715751357875678,25,21,81,"High Persistence (24 detections across 21 dates, 81d span)",,,,Landuse: industrial,Persistent Industrial Heat,"Multi-date recurrence (21 dates over 81d span in cluster), inside/adjacent to industrial zone (dist 447m, NDBI 0.15).",High,Confirm industrial facility boundary and continuous operations via satellite basemap.,SAMPAD_R,Confirmed chronic nocturnal heat source in industrial estate; 81d recurrence.,Persistent Industrial Heat,Validated
FIRMS_0151,100,2026-05-05,08:40,N20,VIIRS,22.86737,72.53522,1,343.73,307.64,36.09,10.24,n,0.52,0.42,3699.31,0,0,0,0.1560369033293221,0.1342745569240012,-0.2684859154929577,1,1,0,Transient / Single Occurrence (1 detection),,,,Landuse: industrial,Ambiguous (Review Required),"Intermediate proximity (3699m) or mixed spectral signals (NDVI 0.16, NDBI 0.13, FRP 10.24MW).",Ambiguous,Perform comprehensive multi-temporal optical imagery inspection (Sentinel-2 / Google Earth) to determine site activity.,,,Unknown,Needs Human Validation
FIRMS_0152,101,2026-05-07,08:03,N20,VIIRS,23.02414,72.26765,1,345.41,312.14,33.27,7.03,n,0.38,0.43,670.05,0,9,25,0.231791221826809,0.0063157894736842,-0.2899378881987577,2,2,10,"Moderate Persistence (2 detections across 2 dates, 10d span)",,works,,Man-made: works,Gas Flare,"Strong thermal contrast (Delta T = 33.3K), located at specialized industrial works/power/chemical site (670m).",Medium,"Verify presence of elevated flare stack, chemical refinery, or burner unit via high-resolution imagery.",SAMPAD_R,"Cluster 101: Optical inspection queued. Daytime pass (FRP 7.03 MW, Delta T 33.27 K) near OSM works (670m). Candidate Gas Flare pending ground verification.",Gas Flare,Validated
FIRMS_0153,102,2026-05-07,20:31,N20,VIIRS,22.9559,72.34708,0,308.8,296.17,12.63,1.04,n,0.4,0.44,6173.06,0,0,0,0.5189122373300371,-0.0841715193223928,-0.5352323838080959,1,1,0,Transient / Single Occurrence (1 detection),,,,Landuse: industrial,Other Thermal Source,"Remote from industrial infrastructure (6173m, 0 industries in 1km), rural/agricultural spectral profile (NDVI 0.52, NDBI -0.08), single/episodic burn.",High,Verify agricultural plot boundary or open field context on satellite imagery.,,,Unknown,Needs Human Validation
FIRMS_0154,103,2026-05-09,09:05,N20,VIIRS,22.77398,72.62425,1,351.39,308.06,43.33,5.29,n,0.44,0.62,1773.59,0,0,4,0.3011187812425613,0.0605018906840838,-0.3234866828087167,2,1,0,"Moderate Persistence (2 detections across 1 dates, 0d span)",,,,Landuse: industrial,Ambiguous (Review Required),"Intermediate proximity (1774m) or mixed spectral signals (NDVI 0.30, NDBI 0.06, FRP 5.29MW).",Ambiguous,Perform comprehensive multi-temporal optical imagery inspection (Sentinel-2 / Google Earth) to determine site activity.,,,Unknown,Needs Human Validation
FIRMS_0155,103,2026-05-09,09:05,N20,VIIRS,22.77813,72.62357,1,351.73,312.46,39.27,6.35,n,0.43,0.62,1479.22,0,0,5,0.2528416266734024,0.116494478090488,-0.3311862587224906,2,1,0,"Moderate Persistence (2 detections across 1 dates, 0d span)",,,,Landuse: industrial,Ambiguous (Review Required),"Intermediate proximity (1479m) or mixed spectral signals (NDVI 0.25, NDBI 0.12, FRP 6.35MW).",Ambiguous,Perform comprehensive multi-temporal optical imagery inspection (Sentinel-2 / Google Earth) to determine site activity.,,,Unknown,Needs Human Validation
FIRMS_0156,104,2026-05-09,09:05,N20,VIIRS,22.80109,72.33934,1,341.48,313.0,28.48,2.34,n,0.42,0.61,846.06,0,1,2,0.1726773346071172,0.2011064106736088,-0.2938076416337286,1,1,0,Transient / Single Occurrence (1 detection),,,,Landuse: industrial,Industrial Fire,"Acute transient detection (span 0d) with elevated thermal emission (FRP 2.34MW, TI4 341.5K) inside industrial zone (846m, NDBI 0.20).",Low,Cross-reference with local municipal fire dispatch logs or optical smoke plume evidence.,SAMPAD_R,"Cluster 104: Optical inspection queued. Single-day event on Bavla manufacturing shed (846m), FRP 2.34 MW, NDBI +0.201.",Industrial Fire,Validated
FIRMS_0157,4,2026-05-09,21:33,N20,VIIRS,22.97745,72.56644,0,309.65,297.31,12.34,0.54,n,0.4,0.6,226.56,1,2,7,0.0472440944881889,0.10828025477707,-0.1280746395250212,25,21,81,"High Persistence (22 detections across 19 dates, 81d span)",,,,Landuse: industrial,Persistent Industrial Heat,"Multi-date recurrence (21 dates over 81d span in cluster), inside/adjacent to industrial zone (dist 227m, NDBI 0.11).",High,Confirm industrial facility boundary and continuous operations via satellite basemap.,SAMPAD_R,Confirmed chronic nocturnal heat source in industrial estate; 81d recurrence.,Persistent Industrial Heat,Validated
FIRMS_0158,105,2026-05-10,08:46,N20,VIIRS,22.88142,72.34779,1,347.21,319.54,27.67,13.99,l,0.42,0.45,894.71,0,1,1,0.2008260196179659,0.1222641509433962,-0.3309174136944497,1,1,0,Transient / Single Occurrence (1 detection),,,,Landuse: industrial,Industrial Fire,"Acute transient detection (span 0d) with elevated thermal emission (FRP 13.99MW, TI4 347.2K) inside industrial zone (895m, NDBI 0.12).",Low,Cross-reference with local municipal fire dispatch logs or optical smoke plume evidence.,,,Unknown,Needs Human Validation
FIRMS_0159,60,2026-05-10,08:47,N20,VIIRS,23.235,72.31001,1,346.16,316.38,29.78,5.15,l,0.42,0.45,3099.52,0,0,0,0.0774237752655018,0.0756796473181484,-0.1442605057303984,2,2,38,"Moderate Persistence (2 detections across 2 dates, 38d span)",Shiyapura Hydro Power Plant No.1,,plant,Name: Shiyapura Hydro Power Plant No.1; Landuse: industrial; Power: plant,Ambiguous (Review Required),"Intermediate proximity (3100m) or mixed spectral signals (NDVI 0.08, NDBI 0.08, FRP 5.15MW).",Ambiguous,Perform comprehensive multi-temporal optical imagery inspection (Sentinel-2 / Google Earth) to determine site activity.,,,Unknown,Needs Human Validation
FIRMS_0160,4,2026-05-11,20:56,N20,VIIRS,22.97958,72.56837,0,312.38,300.23,12.15,0.62,n,0.39,0.36,176.84,1,3,8,0.1505728314238952,0.2052006783493499,-0.2689530685920577,25,21,81,"High Persistence (19 detections across 18 dates, 81d span)",,,,Landuse: industrial,Persistent Industrial Heat,"Multi-date recurrence (21 dates over 81d span in cluster), inside/adjacent to industrial zone (dist 177m, NDBI 0.21).",High,Confirm industrial facility boundary and continuous operations via satellite basemap.,SAMPAD_R,Confirmed chronic nocturnal heat source in industrial estate; 81d recurrence.,Persistent Industrial Heat,Validated
FIRMS_0161,106,2026-05-13,07:50,N20,VIIRS,23.08735,72.64814,1,342.11,308.63,33.48,4.78,n,0.57,0.52,1666.12,0,0,1,0.1314878892733564,0.1550387596899224,-0.1885506587914584,1,1,0,Transient / Single Occurrence (1 detection),,,,Landuse: industrial,Ambiguous (Review Required),"Intermediate proximity (1666m) or mixed spectral signals (NDVI 0.13, NDBI 0.16, FRP 4.78MW).",Ambiguous,Perform comprehensive multi-temporal optical imagery inspection (Sentinel-2 / Google Earth) to determine site activity.,,,Unknown,Needs Human Validation
FIRMS_0162,107,2026-05-13,07:50,N20,VIIRS,23.24856,72.34502,1,345.27,309.35,35.92,7.52,n,0.59,0.53,844.63,0,1,1,0.3239000663276586,0.0048196775801894,-0.3768682455736951,1,1,0,Transient / Single Occurrence (1 detection),Shiyapura Hydro Power Plant No.1,,plant,Name: Shiyapura Hydro Power Plant No.1; Landuse: industrial; Power: plant,Industrial Fire,"Acute transient detection (span 0d) with elevated thermal emission (FRP 7.52MW, TI4 345.3K) inside industrial zone (845m, NDBI 0.00).",Low,Cross-reference with local municipal fire dispatch logs or optical smoke plume evidence.,,,Unknown,Needs Human Validation
FIRMS_0163,108,2026-05-14,07:31,N20,VIIRS,23.00257,72.43394,1,333.68,306.04,27.64,2.1,l,0.58,0.7,5608.17,0,0,0,0.3163913595933926,0.089764240738029,-0.4260151410874053,1,1,0,Transient / Single Occurrence (1 detection),,container_terminal,,Landuse: industrial; Man-made: container_terminal,Other Thermal Source,"Remote from industrial infrastructure (5608m, 0 industries in 1km), rural/agricultural spectral profile (NDVI 0.32, NDBI 0.09), single/episodic burn.",High,Verify agricultural plot boundary or open field context on satellite imagery.,,,Unknown,Needs Human Validation
FIRMS_0164,4,2026-05-14,21:40,N20,VIIRS,22.97653,72.56532,0,308.48,295.55,12.93,0.78,n,0.5,0.66,370.66,1,2,7,0.1639471639471639,0.1246591351772497,-0.2876790830945558,25,21,81,"High Persistence (20 detections across 18 dates, 81d span)",,,,Landuse: industrial,Persistent Industrial Heat,"Multi-date recurrence (21 dates over 81d span in cluster), inside/adjacent to industrial zone (dist 371m, NDBI 0.12).",High,Confirm industrial facility boundary and continuous operations via satellite basemap.,SAMPAD_R,Confirmed chronic nocturnal heat source in industrial estate; 81d recurrence.,Persistent Industrial Heat,Validated
FIRMS_0165,109,2026-05-14,21:40,N20,VIIRS,23.02881,72.27522,0,315.29,295.83,19.46,1.14,n,0.48,0.65,134.84,6,17,22,0.0817317845828933,0.0408239700374531,-0.1430484266904708,1,1,0,Transient / Single Occurrence (1 detection),,works,,Man-made: works,Ambiguous (Review Required),"Intermediate proximity (135m) or mixed spectral signals (NDVI 0.08, NDBI 0.04, FRP 1.14MW).",Ambiguous,Perform comprehensive multi-temporal optical imagery inspection (Sentinel-2 / Google Earth) to determine site activity.,,,Unknown,Needs Human Validation
FIRMS_0166,110,2026-05-14,21:40,N20,VIIRS,23.03378,72.27535,0,312.79,295.73,17.06,0.83,n,0.48,0.65,404.42,2,11,21,0.1617989607597204,0.1555092471997916,-0.3048903199839002,1,1,0,Transient / Single Occurrence (1 detection),,,,Landuse: industrial,Ambiguous (Review Required),"Intermediate proximity (404m) or mixed spectral signals (NDVI 0.16, NDBI 0.16, FRP 0.83MW).",Ambiguous,Perform comprehensive multi-temporal optical imagery inspection (Sentinel-2 / Google Earth) to determine site activity.,,,Unknown,Needs Human Validation
FIRMS_0167,111,2026-05-15,08:53,N20,VIIRS,22.91651,72.39276,1,343.67,315.0,28.67,7.92,l,0.53,0.5,3092.76,0,0,0,0.198151001540832,0.0980164714070293,-0.3620599054125065,1,1,0,Transient / Single Occurrence (1 detection),,,,Landuse: industrial,Ambiguous (Review Required),"Intermediate proximity (3093m) or mixed spectral signals (NDVI 0.20, NDBI 0.10, FRP 7.92MW).",Ambiguous,Perform comprehensive multi-temporal optical imagery inspection (Sentinel-2 / Google Earth) to determine site activity.,,,Unknown,Needs Human Validation
FIRMS_0168,112,2026-05-16,08:34,N20,VIIRS,22.99721,72.47493,1,342.87,317.51,25.36,9.16,l,0.44,0.38,2446.67,0,0,0,0.2921262837580829,0.069060016442861,-0.391072891072891,1,1,0,Transient / Single Occurrence (1 detection),,,,Landuse: industrial,Ambiguous (Review Required),"Intermediate proximity (2447m) or mixed spectral signals (NDVI 0.29, NDBI 0.07, FRP 9.16MW).",Ambiguous,Perform comprehensive multi-temporal optical imagery inspection (Sentinel-2 / Google Earth) to determine site activity.,,,Unknown,Needs Human Validation
FIRMS_0169,113,2026-05-17,20:43,N20,VIIRS,22.89622,72.43168,0,311.26,298.74,12.52,1.24,n,0.42,0.38,574.52,0,1,7,0.1923159939563997,0.130352644836272,-0.2967136150234741,1,1,0,Transient / Single Occurrence (1 detection),,,,Landuse: industrial,Ambiguous (Review Required),"Intermediate proximity (575m) or mixed spectral signals (NDVI 0.19, NDBI 0.13, FRP 1.24MW).",Ambiguous,Perform comprehensive multi-temporal optical imagery inspection (Sentinel-2 / Google Earth) to determine site activity.,,,Unknown,Needs Human Validation
FIRMS_0170,101,2026-05-17,20:43,N20,VIIRS,23.02804,72.26569,0,319.84,298.52,21.32,1.51,n,0.43,0.38,426.59,1,4,24,0.1795952782462057,0.1353522867737948,-0.2986771872824321,2,2,10,"Moderate Persistence (2 detections across 2 dates, 10d span)",,,,Landuse: industrial,Persistent Industrial Heat,"Multi-date recurrence (2 dates over 10d span in cluster), inside/adjacent to industrial zone (dist 427m, NDBI 0.14).",Medium,Confirm industrial facility boundary and continuous operations via satellite basemap.,SAMPAD_R,"Cluster 101: Optical inspection queued. Nocturnal pass (FRP 1.51 MW, Delta T 21.32 K) near OSM works (427m). Candidate Gas Flare pending ground verification.",Gas Flare,Validated
FIRMS_0171,114,2026-05-18,07:56,N20,VIIRS,23.10855,72.38129,1,337.78,281.28,56.5,2.98,n,0.47,0.48,4323.79,0,0,0,0.2255607278882776,0.2148569879354751,-0.3605825698848954,1,1,0,Transient / Single Occurrence (1 detection),,,,Landuse: industrial,Other Thermal Source,"Remote from industrial infrastructure (4324m, 0 industries in 1km), rural/agricultural spectral profile (NDVI 0.23, NDBI 0.21), single/episodic burn.",Medium,Verify agricultural plot boundary or open field context on satellite imagery.,,,Unknown,Needs Human Validation
FIRMS_0172,115,2026-05-19,07:38,N20,VIIRS,22.77143,72.3934,1,348.66,316.61,32.05,13.22,n,0.47,0.64,4136.45,0,0,0,0.1376486129458388,0.2234445446348061,-0.2668431891732862,1,1,0,Transient / Single Occurrence (1 detection),,,,Landuse: industrial,Ambiguous (Review Required),"Intermediate proximity (4136m) or mixed spectral signals (NDVI 0.14, NDBI 0.22, FRP 13.22MW).",Ambiguous,Perform comprehensive multi-temporal optical imagery inspection (Sentinel-2 / Google Earth) to determine site activity.,,,Unknown,Needs Human Validation
FIRMS_0173,74,2026-05-19,07:38,N20,VIIRS,22.90704,72.42893,1,367.0,311.37,55.63,8.89,h,0.47,0.64,521.2,0,5,9,0.0689238210399032,0.1746031746031746,-0.134788189987163,3,2,39,"Moderate Persistence (3 detections across 2 dates, 39d span)",,,,Landuse: industrial,Persistent Industrial Heat,"Multi-date recurrence (2 dates over 39d span in cluster), inside/adjacent to industrial zone (dist 521m, NDBI 0.17).",Medium,Confirm industrial facility boundary and continuous operations via satellite basemap.,,,Unknown,Needs Human Validation
FIRMS_0174,74,2026-05-19,07:38,N20,VIIRS,22.90734,72.42881,1,367.0,311.57,55.43,11.29,h,0.46,0.64,488.08,1,5,9,0.0557491289198606,0.0610474124573907,-0.1203549639489739,3,2,39,"Moderate Persistence (3 detections across 2 dates, 39d span)",,,,Landuse: industrial,Persistent Industrial Heat,"Multi-date recurrence (2 dates over 39d span in cluster), inside/adjacent to industrial zone (dist 488m, NDBI 0.06).",Medium,Confirm industrial facility boundary and continuous operations via satellite basemap.,,,Unknown,Needs Human Validation
FIRMS_0175,116,2026-05-19,07:38,N20,VIIRS,23.07731,72.45467,1,337.22,309.51,27.71,2.62,l,0.46,0.63,2964.09,0,0,0,0.3729055258467023,-0.131316098707403,-0.3847536857245595,1,1,0,Transient / Single Occurrence (1 detection),,,,Landuse: industrial,Other Thermal Source,"Remote from industrial infrastructure (2964m, 0 industries in 1km), rural/agricultural spectral profile (NDVI 0.37, NDBI -0.13), single/episodic burn.",Medium,Verify agricultural plot boundary or open field context on satellite imagery.,,,Unknown,Needs Human Validation
FIRMS_0176,117,2026-05-19,21:46,N20,VIIRS,23.12602,72.52242,0,307.09,296.65,10.44,0.88,n,0.62,0.71,3922.1,0,0,0,0.3078101071975497,0.0787486515641855,-0.4095732138646545,1,1,0,Transient / Single Occurrence (1 detection),,,,Landuse: industrial,Other Thermal Source,"Remote from industrial infrastructure (3922m, 0 industries in 1km), rural/agricultural spectral profile (NDVI 0.31, NDBI 0.08), single/episodic burn.",Medium,Verify agricultural plot boundary or open field context on satellite imagery.,,,Unknown,Needs Human Validation
FIRMS_0177,118,2026-05-20,08:59,N20,VIIRS,23.07141,72.39342,1,334.64,306.02,28.62,1.3,l,0.33,0.56,3717.0,0,0,0,0.3058040835053911,0.1082563058123139,-0.3758762388204013,1,1,0,Transient / Single Occurrence (1 detection),,,,Landuse: industrial,Other Thermal Source,"Remote from industrial infrastructure (3717m, 0 industries in 1km), rural/agricultural spectral profile (NDVI 0.31, NDBI 0.11), single/episodic burn.",Medium,Verify agricultural plot boundary or open field context on satellite imagery.,,,Unknown,Needs Human Validation
FIRMS_0178,4,2026-05-20,21:27,N20,VIIRS,22.98005,72.5644,0,306.34,295.51,10.83,2.5,n,0.64,0.54,484.5,1,4,8,0.1195219123505976,0.1244590617967803,-0.2366748166259168,25,21,81,"High Persistence (24 detections across 21 dates, 81d span)",,,,Landuse: industrial,Persistent Industrial Heat,"Multi-date recurrence (21 dates over 81d span in cluster), inside/adjacent to industrial zone (dist 484m, NDBI 0.12).",High,Confirm industrial facility boundary and continuous operations via satellite basemap.,SAMPAD_R,Confirmed chronic nocturnal heat source in industrial estate; 81d recurrence.,Persistent Industrial Heat,Validated
FIRMS_0179,119,2026-05-21,08:40,N20,VIIRS,22.77568,72.33967,1,338.88,312.97,25.91,0.91,l,0.51,0.41,905.24,0,3,11,0.0465729349736379,0.0498603909054647,-0.1462945139557266,1,1,0,Transient / Single Occurrence (1 detection),Kerala GIDC,,,Name: Kerala GIDC; Landuse: industrial,Industrial Fire,"Acute transient detection (span 0d) with elevated thermal emission (FRP 0.91MW, TI4 338.9K) inside industrial zone (905m, NDBI 0.05).",Low,Cross-reference with local municipal fire dispatch logs or optical smoke plume evidence.,,,Unknown,Needs Human Validation
FIRMS_0180,120,2026-05-21,08:40,N20,VIIRS,22.83762,72.65168,1,343.24,315.81,27.43,11.67,l,0.53,0.42,2975.02,0,0,0,0.405392840539284,0.0309344446225356,-0.4632139399806389,1,1,0,Transient / Single Occurrence (1 detection),,,,Landuse: industrial,Other Thermal Source,"Remote from industrial infrastructure (2975m, 0 industries in 1km), rural/agricultural spectral profile (NDVI 0.41, NDBI 0.03), single/episodic burn.",Medium,Verify agricultural plot boundary or open field context on satellite imagery.,,,Unknown,Needs Human Validation
FIRMS_0181,121,2026-05-21,21:09,N20,VIIRS,22.76736,72.29189,0,309.93,297.58,12.35,0.93,n,0.49,0.4,2387.22,0,0,0,0.1559485530546623,0.2208777316236229,-0.2706921944035346,1,1,0,Transient / Single Occurrence (1 detection),,,,Landuse: industrial,Ambiguous (Review Required),"Intermediate proximity (2387m) or mixed spectral signals (NDVI 0.16, NDBI 0.22, FRP 0.93MW).",Ambiguous,Perform comprehensive multi-temporal optical imagery inspection (Sentinel-2 / Google Earth) to determine site activity.,,,Unknown,Needs Human Validation
FIRMS_0182,122,2026-05-22,20:50,N20,VIIRS,22.91299,72.44592,0,310.9,298.49,12.41,0.68,n,0.39,0.36,309.83,2,6,13,0.2174688057040998,0.1561389961389961,-0.3326829268292683,1,1,0,Transient / Single Occurrence (1 detection),,works,,Man-made: works,Ambiguous (Review Required),"Intermediate proximity (310m) or mixed spectral signals (NDVI 0.22, NDBI 0.16, FRP 0.68MW).",Ambiguous,Perform comprehensive multi-temporal optical imagery inspection (Sentinel-2 / Google Earth) to determine site activity.,,,Unknown,Needs Human Validation
FIRMS_0183,94,2026-05-22,20:50,N20,VIIRS,23.01477,72.3363,0,312.2,298.79,13.41,0.76,n,0.39,0.36,512.36,0,1,2,0.1383116883116883,0.0524324324324324,-0.1921115266916015,2,2,26,"Moderate Persistence (2 detections across 2 dates, 26d span)",,,,Landuse: industrial,Persistent Industrial Heat,"Multi-date recurrence (2 dates over 26d span in cluster), inside/adjacent to industrial zone (dist 512m, NDBI 0.05).",Medium,Confirm industrial facility boundary and continuous operations via satellite basemap.,SAMPAD_R,"Cluster 94: Multi-date chronic nocturnal recurrence (26d span), 512m to industry, steady low FRP (0.76 MW), factory furnace baseline.",Persistent Industrial Heat,Validated
FIRMS_0184,123,2026-05-23,08:03,N20,VIIRS,22.80524,72.28105,1,337.54,308.32,29.22,4.52,l,0.39,0.44,4996.56,0,0,0,0.1915796344647519,0.076163967611336,-0.3305393586005831,1,1,0,Transient / Single Occurrence (1 detection),,,,Landuse: industrial,Ambiguous (Review Required),"Intermediate proximity (4997m) or mixed spectral signals (NDVI 0.19, NDBI 0.08, FRP 4.52MW).",Ambiguous,Perform comprehensive multi-temporal optical imagery inspection (Sentinel-2 / Google Earth) to determine site activity.,,,Unknown,Needs Human Validation
FIRMS_0185,124,2026-05-25,07:25,N20,VIIRS,22.88043,72.5886,1,334.56,299.93,34.63,2.49,n,0.71,0.75,363.91,2,7,12,0.3673798021624108,-0.0744757772957339,-0.451171875,1,1,0,Transient / Single Occurrence (1 detection),,,,Landuse: industrial,Ambiguous (Review Required),"Intermediate proximity (364m) or mixed spectral signals (NDVI 0.37, NDBI -0.07, FRP 2.49MW).",Ambiguous,Perform comprehensive multi-temporal optical imagery inspection (Sentinel-2 / Google Earth) to determine site activity.,,,Unknown,Needs Human Validation
FIRMS_0186,125,2026-05-25,09:06,N20,VIIRS,22.86722,72.3024,1,335.37,304.1,31.27,1.41,n,0.42,0.61,5744.55,0,0,0,0.5053507728894173,-0.141363144608727,-0.507501786139557,1,1,0,Transient / Single Occurrence (1 detection),,,,Landuse: industrial,Other Thermal Source,"Remote from industrial infrastructure (5745m, 0 industries in 1km), rural/agricultural spectral profile (NDVI 0.51, NDBI -0.14), single/episodic burn.",High,Verify agricultural plot boundary or open field context on satellite imagery.,,,Unknown,Needs Human Validation
FIRMS_0187,126,2026-05-25,09:06,N20,VIIRS,22.94851,72.34847,1,337.81,308.23,29.58,4.08,l,0.42,0.61,6915.93,0,0,0,0.1996047430830039,0.1738124404518851,-0.3515920730349588,3,2,1,"Moderate Persistence (3 detections across 2 dates, 1d span)",,works,,Man-made: works,Ambiguous (Review Required),"Intermediate proximity (6916m) or mixed spectral signals (NDVI 0.20, NDBI 0.17, FRP 4.08MW).",Ambiguous,Perform comprehensive multi-temporal optical imagery inspection (Sentinel-2 / Google Earth) to determine site activity.,SAMPAD_R,"Cluster 126: Deep rural landscape 6.9km from industry, 1-day temporal span open field burn.",Other Thermal Source,Validated
FIRMS_0188,126,2026-05-25,09:06,N20,VIIRS,22.94888,72.35261,1,344.88,308.26,36.62,5.45,n,0.42,0.61,6890.51,0,0,0,0.3300995659943834,0.0243445692883895,-0.4005376344086021,3,2,1,"Moderate Persistence (2 detections across 1 dates, 0d span)",,,,Landuse: industrial,Other Thermal Source,"Remote from industrial infrastructure (6891m, 0 industries in 1km), rural/agricultural spectral profile (NDVI 0.33, NDBI 0.02), single/episodic burn.",High,Verify agricultural plot boundary or open field context on satellite imagery.,SAMPAD_R,"Cluster 126: Deep rural landscape 6.9km from industry, NDVI (0.330), 1-day temporal span open field burn.",Other Thermal Source,Validated
FIRMS_0189,127,2026-05-25,09:06,N20,VIIRS,23.05617,72.30385,1,354.04,308.4,45.64,8.38,n,0.42,0.61,2543.45,0,0,0,0.2210660437460182,0.1477693789832518,-0.3270251557812139,1,1,0,Transient / Single Occurrence (1 detection),,,generator,Power: generator,Other Thermal Source,"Remote from industrial infrastructure (2543m, 0 industries in 1km), rural/agricultural spectral profile (NDVI 0.22, NDBI 0.15), single/episodic burn.",Medium,Verify agricultural plot boundary or open field context on satellite imagery.,,,Unknown,Needs Human Validation
FIRMS_0190,4,2026-05-25,21:34,N20,VIIRS,22.9794,72.56454,0,315.95,297.46,18.49,0.98,n,0.4,0.6,441.64,1,4,7,0.1176321780925879,0.1565483008781978,-0.2413599325653273,25,21,81,"High Persistence (24 detections across 21 dates, 81d span)",,,,Landuse: industrial,Persistent Industrial Heat,"Multi-date recurrence (21 dates over 81d span in cluster), inside/adjacent to industrial zone (dist 442m, NDBI 0.16).",High,Confirm industrial facility boundary and continuous operations via satellite basemap.,SAMPAD_R,Confirmed chronic nocturnal heat source in industrial estate; 81d recurrence.,Persistent Industrial Heat,Validated
FIRMS_0191,126,2026-05-26,08:47,N20,VIIRS,22.94755,72.34718,1,342.75,316.25,26.5,0.99,l,0.42,0.45,6854.71,0,0,0,0.3337631635503976,-0.0372722714357345,-0.4345815996301433,3,2,1,"Moderate Persistence (2 detections across 2 dates, 1d span)",,works,,Man-made: works,Other Thermal Source,"Remote from industrial infrastructure (6855m, 0 industries in 1km), rural/agricultural spectral profile (NDVI 0.33, NDBI -0.04), single/episodic burn.",High,Verify agricultural plot boundary or open field context on satellite imagery.,SAMPAD_R,"Cluster 126: Deep rural landscape 6.9km from industry, NDVI (0.334), negative NDBI (-0.037), open field burn.",Other Thermal Source,Validated
FIRMS_0192,128,2026-05-26,08:47,N20,VIIRS,22.97136,72.29837,1,339.29,313.48,25.81,1.29,l,0.42,0.45,1236.52,0,0,3,0.2767109798129,-0.0124951190941038,-0.3759617935791987,1,1,0,Transient / Single Occurrence (1 detection),,works,,Man-made: works,Ambiguous (Review Required),"Intermediate proximity (1237m) or mixed spectral signals (NDVI 0.28, NDBI -0.01, FRP 1.29MW).",Ambiguous,Perform comprehensive multi-temporal optical imagery inspection (Sentinel-2 / Google Earth) to determine site activity.,,,Unknown,Needs Human Validation
FIRMS_0193,4,2026-05-26,21:15,N20,VIIRS,22.97887,72.56647,0,319.96,299.42,20.54,1.2,n,0.41,0.45,236.15,1,3,7,0.0448791714614499,0.1042420256494574,-0.1136549468520032,25,21,81,"High Persistence (24 detections across 21 dates, 81d span)",,,,Landuse: industrial,Persistent Industrial Heat,"Multi-date recurrence (21 dates over 81d span in cluster), inside/adjacent to industrial zone (dist 236m, NDBI 0.10).",High,Confirm industrial facility boundary and continuous operations via satellite basemap.,SAMPAD_R,Confirmed chronic nocturnal heat source in industrial estate; 81d recurrence.,Persistent Industrial Heat,Validated
FIRMS_0194,129,2026-05-27,08:28,N20,VIIRS,22.81406,72.27465,1,344.82,319.21,25.61,3.15,l,0.39,0.36,6079.68,0,0,0,0.1789278254815502,0.1786580436540016,-0.3025641025641025,1,1,0,Transient / Single Occurrence (1 detection),,,,Landuse: industrial,Ambiguous (Review Required),"Intermediate proximity (6080m) or mixed spectral signals (NDVI 0.18, NDBI 0.18, FRP 3.15MW).",Ambiguous,Perform comprehensive multi-temporal optical imagery inspection (Sentinel-2 / Google Earth) to determine site activity.,,,Unknown,Needs Human Validation
FIRMS_0195,130,2026-05-27,08:28,N20,VIIRS,22.81517,72.28223,1,343.32,317.87,25.45,2.37,l,0.39,0.36,5541.87,0,0,0,0.1814876957494407,0.0959666203059805,-0.3406314453434872,1,1,0,Transient / Single Occurrence (1 detection),,,,Landuse: industrial,Ambiguous (Review Required),"Intermediate proximity (5542m) or mixed spectral signals (NDVI 0.18, NDBI 0.10, FRP 2.37MW).",Ambiguous,Perform comprehensive multi-temporal optical imagery inspection (Sentinel-2 / Google Earth) to determine site activity.,,,Unknown,Needs Human Validation
FIRMS_0196,131,2026-05-27,08:28,N20,VIIRS,22.88746,72.6228,1,344.81,319.54,25.27,8.97,l,0.4,0.37,2887.53,0,0,0,0.1722765710495772,0.115697310819262,-0.3146150985496467,1,1,0,Transient / Single Occurrence (1 detection),,,,Landuse: industrial,Ambiguous (Review Required),"Intermediate proximity (2888m) or mixed spectral signals (NDVI 0.17, NDBI 0.12, FRP 8.97MW).",Ambiguous,Perform comprehensive multi-temporal optical imagery inspection (Sentinel-2 / Google Earth) to determine site activity.,,,Unknown,Needs Human Validation
FIRMS_0197,4,2026-05-27,20:56,N20,VIIRS,22.97866,72.56733,0,315.96,300.19,15.77,0.54,n,0.39,0.36,146.93,1,2,7,0.0769927536231884,0.1380935121420804,-0.159434422233057,25,21,81,"High Persistence (21 detections across 19 dates, 81d span)",,,,Landuse: industrial,Persistent Industrial Heat,"Multi-date recurrence (21 dates over 81d span in cluster), inside/adjacent to industrial zone (dist 147m, NDBI 0.14).",High,Confirm industrial facility boundary and continuous operations via satellite basemap.,SAMPAD_R,Confirmed chronic nocturnal heat source in industrial estate; 81d recurrence.,Persistent Industrial Heat,Validated
FIRMS_0198,132,2026-05-28,20:38,N20,VIIRS,22.97047,72.55386,0,316.45,298.95,17.5,0.71,n,0.48,0.4,79.76,1,3,6,0.1078082478543018,0.163055511624229,-0.2281271756788118,1,1,0,Transient / Single Occurrence (1 detection),,,,Landuse: industrial,Ambiguous (Review Required),"Intermediate proximity (80m) or mixed spectral signals (NDVI 0.11, NDBI 0.16, FRP 0.71MW).",Ambiguous,Perform comprehensive multi-temporal optical imagery inspection (Sentinel-2 / Google Earth) to determine site activity.,,,Unknown,Needs Human Validation
FIRMS_0199,133,2026-05-30,09:12,N20,VIIRS,22.84821,72.34388,1,341.46,295.71,45.75,3.73,n,0.53,0.67,2152.14,0,0,0,0.1513816579895875,0.1449814126394052,-0.2979683972911964,1,1,0,Transient / Single Occurrence (1 detection),,,,Landuse: industrial,Ambiguous (Review Required),"Intermediate proximity (2152m) or mixed spectral signals (NDVI 0.15, NDBI 0.14, FRP 3.73MW).",Ambiguous,Perform comprehensive multi-temporal optical imagery inspection (Sentinel-2 / Google Earth) to determine site activity.,,,Unknown,Needs Human Validation
FIRMS_0200,134,2026-05-30,09:12,N20,VIIRS,23.09093,72.35571,1,337.41,295.83,41.58,2.72,n,0.54,0.68,4864.28,0,0,0,0.3644237175216522,0.0534586350331227,-0.4338389731621937,1,1,0,Transient / Single Occurrence (1 detection),,,,Landuse: industrial,Other Thermal Source,"Remote from industrial infrastructure (4864m, 0 industries in 1km), rural/agricultural spectral profile (NDVI 0.36, NDBI 0.05), single/episodic burn.",High,Verify agricultural plot boundary or open field context on satellite imagery.,,,Unknown,Needs Human Validation
FIRMS_0201,135,2026-05-30,09:12,N20,VIIRS,23.09496,72.35213,1,332.71,296.21,36.5,8.02,n,0.54,0.68,5209.23,0,0,0,0.3028981790202616,0.1446371443003872,-0.3834422657952069,1,1,0,Transient / Single Occurrence (1 detection),,,generator,Power: generator,Other Thermal Source,"Remote from industrial infrastructure (5209m, 0 industries in 1km), rural/agricultural spectral profile (NDVI 0.30, NDBI 0.14), single/episodic burn.",High,Verify agricultural plot boundary or open field context on satellite imagery.,,,Unknown,Needs Human Validation
FIRMS_0202,80,2026-05-30,09:12,N20,VIIRS,23.09537,72.35742,1,367.0,296.1,70.9,10.38,h,0.54,0.68,5307.47,0,0,0,0.1749819233550253,0.291321412996075,-0.2815457413249211,3,2,43,"Moderate Persistence (3 detections across 2 dates, 43d span)",,,,Landuse: industrial,Ambiguous (Review Required),"Intermediate proximity (5307m) or mixed spectral signals (NDVI 0.17, NDBI 0.29, FRP 10.38MW).",Ambiguous,Perform comprehensive multi-temporal optical imagery inspection (Sentinel-2 / Google Earth) to determine site activity.,,,Unknown,Needs Human Validation
