{
"type": "FeatureCollection",
"name": "industrial_facilities",
"crs": { "type": "name", "properties": { "name": "urn:ogc:def:crs:OGC:1.3:CRS84" } },
"features": [
{ "type": "Feature", "properties": { "osm_id": 440612250, "osm_type": "node", "latitude": 22.9752916, "longitude": 72.6430213, "name": "GIDC VatVa", "industrial": null, "landuse": null, "man_made": "works", "power": null, "product": null, "operator": null, "works": null }, "geometry": { "type": "Point", "coordinates": [ 72.6430213, 22.9752916 ] } },
{ "type": "Feature", "properties": { "osm_id": 4314219590, "osm_type": "node", "latitude": 23.2400692, "longitude": 72.5072229, "name": "Sintex Kalol", "industrial": null, "landuse": null, "man_made": "works", "power": null, "product": null, "operator": null, "works": null }, "geometry": { "type": "Point", "coordinates": [ 72.5072229, 23.2400692 ] } },
{ "type": "Feature", "properties": { "osm_id": 4358546492, "osm_type": "node", "latitude": 22.9714764, "longitude": 72.6276809, "name": "Advatech engineers", "industrial": null, "landuse": null, "man_made": "works", "power": null, "product": null, "operator": null, "works": null }, "geometry": { "type": "Point", "coordinates": [ 72.6276809, 22.9714764 ] } },
{ "type": "Feature", "properties": { "osm_id": 4358562089, "osm_type": "node", "latitude": 22.9736233, "longitude": 72.6346176, "name": "Intec Frp", "industrial": null, "landuse": null, "man_made": "works", "power": null, "product": null, "operator": null, "works": null }, "geometry": { "type": "Point", "coordinates": [ 72.6346176, 22.9736233 ] } },
{ "type": "Feature", "properties": { "osm_id": 4358562489, "osm_type": "node", "latitude": 23.0383167, "longitude": 72.569304, "name": "Jainik Doors", "industrial": null, "landuse": null, "man_made": "works", "power": null, "product": null, "operator": null, "works": null }, "geometry": { "type": "Point", "coordinates": [ 72.569304, 23.0383167 ] } },
{ "type": "Feature", "properties": { "osm_id": 4380156499, "osm_type": "node", "latitude": 23.237245, "longitude": 72.5092134, "name": "Sintex", "industrial": null, "landuse": null, "man_made": "works", "power": null, "product": null, "operator": null, "works": null }, "geometry": { "type": "Point", "coordinates": [ 72.5092134, 23.237245 ] } },
{ "type": "Feature", "properties": { "osm_id": 4380157393, "osm_type": "node", "latitude": 23.2364273, "longitude": 72.5103384, "name": "Bharat vijay mill BVM", "industrial": null, "landuse": null, "man_made": "works", "power": null, "product": null, "operator": null, "works": null }, "geometry": { "type": "Point", "coordinates": [ 72.5103384, 23.2364273 ] } },
{ "type": "Feature", "properties": { "osm_id": 4380537982, "osm_type": "node", "latitude": 23.1803117, "longitude": 72.5753396, "name": "Amba Food Factory", "industrial": null, "landuse": null, "man_made": "works", "power": null, "product": "food", "operator": "Amba Foods", "works": null }, "geometry": { "type": "Point", "coordinates": [ 72.5753396, 23.1803117 ] } },
{ "type": "Feature", "properties": { "osm_id": 4398393190, "osm_type": "node", "latitude": 23.0341362, "longitude": 72.68375, "name": "Kathwada Gidc", "industrial": null, "landuse": null, "man_made": "works", "power": null, "product": null, "operator": null, "works": null }, "geometry": { "type": "Point", "coordinates": [ 72.68375, 23.0341362 ] } },
{ "type": "Feature", "properties": { "osm_id": 4398393289, "osm_type": "node", "latitude": 22.9740317, "longitude": 72.6324483, "name": "Varun engineering", "industrial": null, "landuse": null, "man_made": "works", "power": null, "product": null, "operator": null, "works": null }, "geometry": { "type": "Point", "coordinates": [ 72.6324483, 22.9740317 ] } },
{ "type": "Feature", "properties": { "osm_id": 4398393389, "osm_type": "node", "latitude": 22.906436, "longitude": 72.436793, "name": "esdee paints near", "industrial": null, "landuse": null, "man_made": "works", "power": null, "product": null, "operator": null, "works": null }, "geometry": { "type": "Point", "coordinates": [ 72.436793, 22.906436 ] } },
{ "type": "Feature", "properties": { "osm_id": 4398393489, "osm_type": "node", "latitude": 23.0316617, "longitude": 72.6846117, "name": "Alicon Enginering", "industrial": null, "landuse": null, "man_made": "works", "power": null, "product": null, "operator": null, "works": null }, "geometry": { "type": "Point", "coordinates": [ 72.6846117, 23.0316617 ] } },
{ "type": "Feature", "properties": { "osm_id": 4398393689, "osm_type": "node", "latitude": 22.9582414, "longitude": 72.630978, "name": "intec frp II unit", "industrial": null, "landuse": null, "man_made": "works", "power": null, "product": null, "operator": null, "works": null }, "geometry": { "type": "Point", "coordinates": [ 72.630978, 22.9582414 ] } },
{ "type": "Feature", "properties": { "osm_id": 4398393889, "osm_type": "node", "latitude": 22.9038717, "longitude": 72.4374833, "name": "Shri Raj meatal", "industrial": null, "landuse": null, "man_made": "works", "power": null, "product": null, "operator": null, "works": null }, "geometry": { "type": "Point", "coordinates": [ 72.4374833, 22.9038717 ] } },
{ "type": "Feature", "properties": { "osm_id": 4412737895, "osm_type": "node", "latitude": 23.0410865, "longitude": 72.6874313, "name": "Him Suraj Electro Fiber Private Limited", "industrial": null, "landuse": null, "man_made": "works", "power": null, "product": null, "operator": null, "works": null }, "geometry": { "type": "Point", "coordinates": [ 72.6874313, 23.0410865 ] } },
{ "type": "Feature", "properties": { "osm_id": 4422044190, "osm_type": "node", "latitude": 23.015763, "longitude": 72.6350806, "name": "shri avirat frp cooling tower", "industrial": null, "landuse": null, "man_made": "works", "power": null, "product": null, "operator": null, "works": null }, "geometry": { "type": "Point", "coordinates": [ 72.6350806, 23.015763 ] } },
{ "type": "Feature", "properties": { "osm_id": 4422045591, "osm_type": "node", "latitude": 22.9714099, "longitude": 72.635344, "name": "Hitech cooling tower", "industrial": null, "landuse": null, "man_made": "works", "power": null, "product": null, "operator": null, "works": null }, "geometry": { "type": "Point", "coordinates": [ 72.635344, 22.9714099 ] } },
{ "type": "Feature", "properties": { "osm_id": 4422109529, "osm_type": "node", "latitude": 22.9636008, "longitude": 72.5885693, "name": "Ensave cooling tower", "industrial": null, "landuse": null, "man_made": "works", "power": null, "product": null, "operator": null, "works": null }, "geometry": { "type": "Point", "coordinates": [ 72.5885693, 22.9636008 ] } },
{ "type": "Feature", "properties": { "osm_id": 4422110091, "osm_type": "node", "latitude": 22.96319, "longitude": 72.5888004, "name": "Ensave cooling Tower", "industrial": null, "landuse": null, "man_made": "works", "power": null, "product": null, "operator": null, "works": null }, "geometry": { "type": "Point", "coordinates": [ 72.5888004, 22.96319 ] } },
{ "type": "Feature", "properties": { "osm_id": 4483635589, "osm_type": "node", "latitude": 22.9661748, "longitude": 72.557483, "name": "Chiripal industries ,pirana", "industrial": null, "landuse": null, "man_made": "works", "power": null, "product": null, "operator": null, "works": null }, "geometry": { "type": "Point", "coordinates": [ 72.557483, 22.9661748 ] } },
{ "type": "Feature", "properties": { "osm_id": 4487915091, "osm_type": "node", "latitude": 22.9581564, "longitude": 72.5579239, "name": "Piplaj industrial Area", "industrial": null, "landuse": null, "man_made": "works", "power": null, "product": null, "operator": null, "works": null }, "geometry": { "type": "Point", "coordinates": [ 72.5579239, 22.9581564 ] } },
{ "type": "Feature", "properties": { "osm_id": 4623087089, "osm_type": "node", "latitude": 22.9691784, "longitude": 72.6323673, "name": "Mamta extrusion Vatva", "industrial": null, "landuse": null, "man_made": "works", "power": null, "product": null, "operator": null, "works": null }, "geometry": { "type": "Point", "coordinates": [ 72.6323673, 22.9691784 ] } },
{ "type": "Feature", "properties": { "osm_id": 5327483058, "osm_type": "node", "latitude": 23.0963308, "longitude": 72.6217813, "name": "AmulFed Dairy", "industrial": null, "landuse": null, "man_made": "works", "power": null, "product": null, "operator": null, "works": null }, "geometry": { "type": "Point", "coordinates": [ 72.6217813, 23.0963308 ] } },
{ "type": "Feature", "properties": { "osm_id": 5792057425, "osm_type": "node", "latitude": 23.2458687, "longitude": 72.6287986, "name": "Circuit Systems, PCB Power", "industrial": null, "landuse": null, "man_made": "works", "power": null, "product": null, "operator": null, "works": null }, "geometry": { "type": "Point", "coordinates": [ 72.6287986, 23.2458687 ] } },
{ "type": "Feature", "properties": { "osm_id": 6068260985, "osm_type": "node", "latitude": 22.9876385, "longitude": 72.4986666, "name": "Rekson Rediator", "industrial": null, "landuse": null, "man_made": "works", "power": null, "product": null, "operator": null, "works": null }, "geometry": { "type": "Point", "coordinates": [ 72.4986666, 22.9876385 ] } },
{ "type": "Feature", "properties": { "osm_id": 6445035685, "osm_type": "node", "latitude": 22.9628347, "longitude": 72.5985939, "name": "Reliance resin industries", "industrial": null, "landuse": null, "man_made": "works", "power": null, "product": null, "operator": null, "works": null }, "geometry": { "type": "Point", "coordinates": [ 72.5985939, 22.9628347 ] } },
{ "type": "Feature", "properties": { "osm_id": 6989006753, "osm_type": "node", "latitude": 22.9778264, "longitude": 72.5894443, "name": "Gita Mediquip PVT. LTD.", "industrial": null, "landuse": null, "man_made": "works", "power": null, "product": "ICU_Bed;charcoal;Bedside_Furniture;Examination_Couch;OT_Equipment;Crash_Cart;Wheel_Chair;Stretcher;Medical_Furniture_Accessories", "operator": "Gita Mediquip PVT. LTD.", "works": null }, "geometry": { "type": "Point", "coordinates": [ 72.5894443, 22.9778264 ] } },
{ "type": "Feature", "properties": { "osm_id": 6991875791, "osm_type": "node", "latitude": 23.0290154, "longitude": 72.6923839, "name": "Ambica Machine Tools", "industrial": null, "landuse": null, "man_made": "works", "power": null, "product": "machinery;Hydro_Testing_Pump;Barrel_Pump;Drum_Pump;Rotary_Pump;water_jetting_pump;Triplex_Plunger_Pump", "operator": null, "works": null }, "geometry": { "type": "Point", "coordinates": [ 72.6923839, 23.0290154 ] } },
{ "type": "Feature", "properties": { "osm_id": 7137335288, "osm_type": "node", "latitude": 23.2272161, "longitude": 72.5083038, "name": "Mena Packing Industries", "industrial": null, "landuse": null, "man_made": "works", "power": null, "product": null, "operator": null, "works": null }, "geometry": { "type": "Point", "coordinates": [ 72.5083038, 23.2272161 ] } },
{ "type": "Feature", "properties": { "osm_id": 7675618143, "osm_type": "node", "latitude": 23.2481777, "longitude": 72.6759553, "name": null, "industrial": null, "landuse": null, "man_made": null, "power": "generator", "product": null, "operator": null, "works": null }, "geometry": { "type": "Point", "coordinates": [ 72.6759553, 23.2481777 ] } },
{ "type": "Feature", "properties": { "osm_id": 7675618144, "osm_type": "node", "latitude": 23.2487987, "longitude": 72.6757407, "name": null, "industrial": null, "landuse": null, "man_made": null, "power": "generator", "product": null, "operator": null, "works": null }, "geometry": { "type": "Point", "coordinates": [ 72.6757407, 23.2487987 ] } },
{ "type": "Feature", "properties": { "osm_id": 7675618145, "osm_type": "node", "latitude": 23.2495085, "longitude": 72.6755583, "name": null, "industrial": null, "landuse": null, "man_made": null, "power": "generator", "product": null, "operator": null, "works": null }, "geometry": { "type": "Point", "coordinates": [ 72.6755583, 23.2495085 ] } },
{ "type": "Feature", "properties": { "osm_id": 9545184948, "osm_type": "node", "latitude": 23.0709372, "longitude": 72.5911331, "name": null, "industrial": null, "landuse": null, "man_made": null, "power": "generator", "product": null, "operator": null, "works": null }, "geometry": { "type": "Point", "coordinates": [ 72.5911331, 23.0709372 ] } },
{ "type": "Feature", "properties": { "osm_id": 9545184949, "osm_type": "node", "latitude": 23.0696639, "longitude": 72.593236, "name": null, "industrial": null, "landuse": null, "man_made": null, "power": "generator", "product": null, "operator": null, "works": null }, "geometry": { "type": "Point", "coordinates": [ 72.593236, 23.0696639 ] } },
{ "type": "Feature", "properties": { "osm_id": 9545184950, "osm_type": "node", "latitude": 23.0701525, "longitude": 72.5928283, "name": null, "industrial": null, "landuse": null, "man_made": null, "power": "generator", "product": null, "operator": null, "works": null }, "geometry": { "type": "Point", "coordinates": [ 72.5928283, 23.0701525 ] } },
{ "type": "Feature", "properties": { "osm_id": 9632871825, "osm_type": "node", "latitude": 22.9997873, "longitude": 72.6368809, "name": "Shreeji Engineers", "industrial": null, "landuse": null, "man_made": "works", "power": null, "product": null, "operator": null, "works": null }, "geometry": { "type": "Point", "coordinates": [ 72.6368809, 22.9997873 ] } },
{ "type": "Feature", "properties": { "osm_id": 10269357720, "osm_type": "node", "latitude": 22.9775239, "longitude": 72.6342269, "name": "Exomet Enterprise", "industrial": null, "landuse": null, "man_made": "works", "power": null, "product": "foundry_chemicals;foundry_fluxes;refractory_paint;refractory_chemicals", "operator": "Exomet Enterprise", "works": null }, "geometry": { "type": "Point", "coordinates": [ 72.6342269, 22.9775239 ] } },
{ "type": "Feature", "properties": { "osm_id": 10889625664, "osm_type": "node", "latitude": 22.9612311, "longitude": 72.6382711, "name": "JM Zhongkai Chemical Equipment LLP", "industrial": null, "landuse": null, "man_made": "works", "power": null, "product": "tanks;scrubbers;blowers;waste_water_treatment_plants;etp_machineries;stp_machineries;composite;frp", "operator": "JM Zhongkai Chemical Equipment LLP", "works": null }, "geometry": { "type": "Point", "coordinates": [ 72.6382711, 22.9612311 ] } },
{ "type": "Feature", "properties": { "osm_id": 12367266814, "osm_type": "node", "latitude": 23.032279, "longitude": 72.6218211, "name": "Anar rub tech pvt. ltd.", "industrial": null, "landuse": null, "man_made": "works", "power": null, "product": "rubber_roller;safety_chucks;anilox_roller;embossing_roller;air_shafts", "operator": null, "works": null }, "geometry": { "type": "Point", "coordinates": [ 72.6218211, 23.032279 ] } },
{ "type": "Feature", "properties": { "osm_id": 12367373596, "osm_type": "node", "latitude": 23.0265867, "longitude": 72.6246859, "name": "Anar anilox roller", "industrial": null, "landuse": null, "man_made": "works", "power": null, "product": "anilox_roller", "operator": null, "works": null }, "geometry": { "type": "Point", "coordinates": [ 72.6246859, 23.0265867 ] } },
{ "type": "Feature", "properties": { "osm_id": 29327399, "osm_type": "way", "latitude": 22.8233134, "longitude": 72.60051, "name": null, "industrial": null, "landuse": "industrial", "man_made": null, "power": null, "product": null, "operator": null, "works": null }, "geometry": { "type": "Point", "coordinates": [ 72.60051, 22.8233134 ] } },
{ "type": "Feature", "properties": { "osm_id": 29492754, "osm_type": "way", "latitude": 23.071342, "longitude": 72.5933046, "name": "AMGEN", "industrial": null, "landuse": "industrial", "man_made": null, "power": "plant", "product": null, "operator": "Torrent Power", "works": null }, "geometry": { "type": "Point", "coordinates": [ 72.5933046, 23.071342 ] } },
{ "type": "Feature", "properties": { "osm_id": 62412206, "osm_type": "way", "latitude": 23.2276004, "longitude": 72.5095193, "name": null, "industrial": null, "landuse": "industrial", "man_made": null, "power": null, "product": null, "operator": null, "works": null }, "geometry": { "type": "Point", "coordinates": [ 72.5095193, 23.2276004 ] } },
{ "type": "Feature", "properties": { "osm_id": 116801086, "osm_type": "way", "latitude": 23.1652911, "longitude": 72.5493189, "name": "ICD Khodiyar depot", "industrial": null, "landuse": "industrial", "man_made": null, "power": null, "product": null, "operator": null, "works": null }, "geometry": { "type": "Point", "coordinates": [ 72.5493189, 23.1652911 ] } },
{ "type": "Feature", "properties": { "osm_id": 137989387, "osm_type": "way", "latitude": 22.9730544, "longitude": 72.5594105, "name": null, "industrial": null, "landuse": "industrial", "man_made": null, "power": null, "product": null, "operator": null, "works": null }, "geometry": { "type": "Point", "coordinates": [ 72.5594105, 22.9730544 ] } },
{ "type": "Feature", "properties": { "osm_id": 154217996, "osm_type": "way", "latitude": 22.7560913, "longitude": 72.3357692, "name": "Wonder Industries", "industrial": "manufacturing", "landuse": "industrial", "man_made": null, "power": null, "product": null, "operator": null, "works": null }, "geometry": { "type": "Point", "coordinates": [ 72.3357692, 22.7560913 ] } },
{ "type": "Feature", "properties": { "osm_id": 196518646, "osm_type": "way", "latitude": 23.2373632, "longitude": 72.5107757, "name": null, "industrial": null, "landuse": "industrial", "man_made": null, "power": null, "product": null, "operator": null, "works": null }, "geometry": { "type": "Point", "coordinates": [ 72.5107757, 23.2373632 ] } },
{ "type": "Feature", "properties": { "osm_id": 196518647, "osm_type": "way", "latitude": 23.0117608, "longitude": 72.3400929, "name": null, "industrial": null, "landuse": "industrial", "man_made": null, "power": null, "product": null, "operator": null, "works": null }, "geometry": { "type": "Point", "coordinates": [ 72.3400929, 23.0117608 ] } },
{ "type": "Feature", "properties": { "osm_id": 196518652, "osm_type": "way", "latitude": 23.0428233, "longitude": 72.2576472, "name": null, "industrial": null, "landuse": "industrial", "man_made": null, "power": null, "product": null, "operator": null, "works": null }, "geometry": { "type": "Point", "coordinates": [ 72.2576472, 23.0428233 ] } },
{ "type": "Feature", "properties": { "osm_id": 197365170, "osm_type": "way", "latitude": 22.8230302, "longitude": 72.5880184, "name": null, "industrial": null, "landuse": "industrial", "man_made": null, "power": null, "product": null, "operator": null, "works": null }, "geometry": { "type": "Point", "coordinates": [ 72.5880184, 22.8230302 ] } },
{ "type": "Feature", "properties": { "osm_id": 197365173, "osm_type": "way", "latitude": 22.8356269, "longitude": 72.6077897, "name": null, "industrial": null, "landuse": "industrial", "man_made": null, "power": null, "product": null, "operator": null, "works": null }, "geometry": { "type": "Point", "coordinates": [ 72.6077897, 22.8356269 ] } },
{ "type": "Feature", "properties": { "osm_id": 197365176, "osm_type": "way", "latitude": 22.7939524, "longitude": 72.6046725, "name": null, "industrial": null, "landuse": "industrial", "man_made": null, "power": null, "product": null, "operator": null, "works": null }, "geometry": { "type": "Point", "coordinates": [ 72.6046725, 22.7939524 ] } },
{ "type": "Feature", "properties": { "osm_id": 244328439, "osm_type": "way", "latitude": 23.0343827, "longitude": 72.6823007, "name": "Kathwada GIDC", "industrial": null, "landuse": "industrial", "man_made": null, "power": null, "product": null, "operator": null, "works": null }, "geometry": { "type": "Point", "coordinates": [ 72.6823007, 23.0343827 ] } },
{ "type": "Feature", "properties": { "osm_id": 244328441, "osm_type": "way", "latitude": 23.0217547, "longitude": 72.6793636, "name": null, "industrial": null, "landuse": "industrial", "man_made": null, "power": null, "product": null, "operator": null, "works": null }, "geometry": { "type": "Point", "coordinates": [ 72.6793636, 23.0217547 ] } },
{ "type": "Feature", "properties": { "osm_id": 305560546, "osm_type": "way", "latitude": 23.0019639, "longitude": 72.2594922, "name": "Ford India", "industrial": null, "landuse": "industrial", "man_made": null, "power": null, "product": null, "operator": null, "works": null }, "geometry": { "type": "Point", "coordinates": [ 72.2594922, 23.0019639 ] } },
{ "type": "Feature", "properties": { "osm_id": 305560564, "osm_type": "way", "latitude": 23.0174717, "longitude": 72.2621304, "name": "Tata Motors", "industrial": null, "landuse": "industrial", "man_made": null, "power": null, "product": null, "operator": null, "works": null }, "geometry": { "type": "Point", "coordinates": [ 72.2621304, 23.0174717 ] } },
{ "type": "Feature", "properties": { "osm_id": 318501827, "osm_type": "way", "latitude": 23.0079541, "longitude": 72.6174518, "name": "New Cotton Mills", "industrial": null, "landuse": "industrial", "man_made": null, "power": null, "product": null, "operator": null, "works": null }, "geometry": { "type": "Point", "coordinates": [ 72.6174518, 23.0079541 ] } },
{ "type": "Feature", "properties": { "osm_id": 321003774, "osm_type": "way", "latitude": 23.0235761, "longitude": 72.6443028, "name": null, "industrial": null, "landuse": "industrial", "man_made": null, "power": null, "product": null, "operator": null, "works": null }, "geometry": { "type": "Point", "coordinates": [ 72.6443028, 23.0235761 ] } },
{ "type": "Feature", "properties": { "osm_id": 321003775, "osm_type": "way", "latitude": 23.0255719, "longitude": 72.6542519, "name": "Odhav industrial estate", "industrial": null, "landuse": "industrial", "man_made": null, "power": null, "product": null, "operator": null, "works": null }, "geometry": { "type": "Point", "coordinates": [ 72.6542519, 23.0255719 ] } },
{ "type": "Feature", "properties": { "osm_id": 321003776, "osm_type": "way", "latitude": 22.9715244, "longitude": 72.6408091, "name": null, "industrial": null, "landuse": "industrial", "man_made": null, "power": null, "product": null, "operator": null, "works": null }, "geometry": { "type": "Point", "coordinates": [ 72.6408091, 22.9715244 ] } },
{ "type": "Feature", "properties": { "osm_id": 321003777, "osm_type": "way", "latitude": 22.96915, "longitude": 72.6323661, "name": "Vatva GIDC", "industrial": null, "landuse": "industrial", "man_made": null, "power": null, "product": null, "operator": null, "works": null }, "geometry": { "type": "Point", "coordinates": [ 72.6323661, 22.96915 ] } },
{ "type": "Feature", "properties": { "osm_id": 321003778, "osm_type": "way", "latitude": 22.9744215, "longitude": 72.6440117, "name": null, "industrial": null, "landuse": "industrial", "man_made": null, "power": null, "product": null, "operator": null, "works": null }, "geometry": { "type": "Point", "coordinates": [ 72.6440117, 22.9744215 ] } },
{ "type": "Feature", "properties": { "osm_id": 321003779, "osm_type": "way", "latitude": 22.9562939, "longitude": 72.6365737, "name": "Vatva Gidc", "industrial": null, "landuse": "industrial", "man_made": null, "power": null, "product": null, "operator": null, "works": null }, "geometry": { "type": "Point", "coordinates": [ 72.6365737, 22.9562939 ] } },
{ "type": "Feature", "properties": { "osm_id": 321003780, "osm_type": "way", "latitude": 23.018453, "longitude": 72.6572963, "name": "Odhav industrial estate", "industrial": null, "landuse": "industrial", "man_made": null, "power": null, "product": null, "operator": null, "works": null }, "geometry": { "type": "Point", "coordinates": [ 72.6572963, 23.018453 ] } },
{ "type": "Feature", "properties": { "osm_id": 321003781, "osm_type": "way", "latitude": 22.9780302, "longitude": 72.6324864, "name": null, "industrial": null, "landuse": "industrial", "man_made": null, "power": null, "product": null, "operator": null, "works": null }, "geometry": { "type": "Point", "coordinates": [ 72.6324864, 22.9780302 ] } },
{ "type": "Feature", "properties": { "osm_id": 321003782, "osm_type": "way", "latitude": 23.0913749, "longitude": 72.6697164, "name": "Naroda GIDC", "industrial": null, "landuse": "industrial", "man_made": null, "power": null, "product": null, "operator": null, "works": null }, "geometry": { "type": "Point", "coordinates": [ 72.6697164, 23.0913749 ] } },
{ "type": "Feature", "properties": { "osm_id": 321003784, "osm_type": "way", "latitude": 22.9636001, "longitude": 72.6490962, "name": null, "industrial": null, "landuse": "industrial", "man_made": null, "power": null, "product": null, "operator": null, "works": null }, "geometry": { "type": "Point", "coordinates": [ 72.6490962, 22.9636001 ] } },
{ "type": "Feature", "properties": { "osm_id": 321003785, "osm_type": "way", "latitude": 23.0979607, "longitude": 72.6710084, "name": null, "industrial": null, "landuse": "industrial", "man_made": null, "power": null, "product": null, "operator": null, "works": null }, "geometry": { "type": "Point", "coordinates": [ 72.6710084, 23.0979607 ] } },
{ "type": "Feature", "properties": { "osm_id": 321003786, "osm_type": "way", "latitude": 23.0943337, "longitude": 72.6625382, "name": null, "industrial": null, "landuse": "industrial", "man_made": null, "power": null, "product": null, "operator": null, "works": null }, "geometry": { "type": "Point", "coordinates": [ 72.6625382, 23.0943337 ] } },
{ "type": "Feature", "properties": { "osm_id": 321003787, "osm_type": "way", "latitude": 23.0225116, "longitude": 72.6606982, "name": "Odhav industrial estate", "industrial": null, "landuse": "industrial", "man_made": null, "power": null, "product": null, "operator": null, "works": null }, "geometry": { "type": "Point", "coordinates": [ 72.6606982, 23.0225116 ] } },
{ "type": "Feature", "properties": { "osm_id": 321136513, "osm_type": "way", "latitude": 22.9973197, "longitude": 72.571716, "name": null, "industrial": null, "landuse": "industrial", "man_made": null, "power": null, "product": null, "operator": null, "works": null }, "geometry": { "type": "Point", "coordinates": [ 72.571716, 22.9973197 ] } },
{ "type": "Feature", "properties": { "osm_id": 321136514, "osm_type": "way", "latitude": 23.0017631, "longitude": 72.5737266, "name": null, "industrial": null, "landuse": "industrial", "man_made": null, "power": null, "product": null, "operator": null, "works": null }, "geometry": { "type": "Point", "coordinates": [ 72.5737266, 23.0017631 ] } },
{ "type": "Feature", "properties": { "osm_id": 321136515, "osm_type": "way", "latitude": 22.9881849, "longitude": 72.5654406, "name": null, "industrial": null, "landuse": "industrial", "man_made": null, "power": null, "product": null, "operator": null, "works": null }, "geometry": { "type": "Point", "coordinates": [ 72.5654406, 22.9881849 ] } },
{ "type": "Feature", "properties": { "osm_id": 321136516, "osm_type": "way", "latitude": 23.0073829, "longitude": 72.5765046, "name": "Calico Mills compound", "industrial": "textile", "landuse": "industrial", "man_made": null, "power": null, "product": null, "operator": null, "works": null }, "geometry": { "type": "Point", "coordinates": [ 72.5765046, 23.0073829 ] } },
{ "type": "Feature", "properties": { "osm_id": 321136518, "osm_type": "way", "latitude": 22.9644241, "longitude": 72.5801526, "name": null, "industrial": null, "landuse": "industrial", "man_made": null, "power": null, "product": null, "operator": null, "works": null }, "geometry": { "type": "Point", "coordinates": [ 72.5801526, 22.9644241 ] } },
{ "type": "Feature", "properties": { "osm_id": 321136519, "osm_type": "way", "latitude": 22.9381244, "longitude": 72.5534459, "name": null, "industrial": null, "landuse": "industrial", "man_made": null, "power": null, "product": null, "operator": null, "works": null }, "geometry": { "type": "Point", "coordinates": [ 72.5534459, 22.9381244 ] } },
{ "type": "Feature", "properties": { "osm_id": 321136520, "osm_type": "way", "latitude": 22.9581552, "longitude": 72.5579231, "name": "Piplaj", "industrial": null, "landuse": "industrial", "man_made": null, "power": null, "product": null, "operator": null, "works": null }, "geometry": { "type": "Point", "coordinates": [ 72.5579231, 22.9581552 ] } },
{ "type": "Feature", "properties": { "osm_id": 321136521, "osm_type": "way", "latitude": 22.9845125, "longitude": 72.5797501, "name": null, "industrial": null, "landuse": "industrial", "man_made": null, "power": null, "product": null, "operator": null, "works": null }, "geometry": { "type": "Point", "coordinates": [ 72.5797501, 22.9845125 ] } },
{ "type": "Feature", "properties": { "osm_id": 321136522, "osm_type": "way", "latitude": 22.9977352, "longitude": 72.5868329, "name": "GOVERMENT GODOWN", "industrial": null, "landuse": "industrial", "man_made": null, "power": null, "product": null, "operator": null, "works": null }, "geometry": { "type": "Point", "coordinates": [ 72.5868329, 22.9977352 ] } },
{ "type": "Feature", "properties": { "osm_id": 321136523, "osm_type": "way", "latitude": 22.9865805, "longitude": 72.5686649, "name": null, "industrial": null, "landuse": "industrial", "man_made": null, "power": null, "product": null, "operator": null, "works": null }, "geometry": { "type": "Point", "coordinates": [ 72.5686649, 22.9865805 ] } },
{ "type": "Feature", "properties": { "osm_id": 323895532, "osm_type": "way", "latitude": 23.0402848, "longitude": 72.6046012, "name": null, "industrial": null, "landuse": "industrial", "man_made": null, "power": null, "product": null, "operator": null, "works": null }, "geometry": { "type": "Point", "coordinates": [ 72.6046012, 23.0402848 ] } },
{ "type": "Feature", "properties": { "osm_id": 326055781, "osm_type": "way", "latitude": 23.2497234, "longitude": 72.6710105, "name": "Gandhinagar Thermal Power Station", "industrial": null, "landuse": "industrial", "man_made": null, "power": "plant", "product": null, "operator": "Gujarat State Electricity Corporation Limited", "works": null }, "geometry": { "type": "Point", "coordinates": [ 72.6710105, 23.2497234 ] } },
{ "type": "Feature", "properties": { "osm_id": 326674328, "osm_type": "way", "latitude": 22.9709906, "longitude": 72.5543971, "name": null, "industrial": null, "landuse": "industrial", "man_made": null, "power": null, "product": null, "operator": null, "works": null }, "geometry": { "type": "Point", "coordinates": [ 72.5543971, 22.9709906 ] } },
{ "type": "Feature", "properties": { "osm_id": 326676640, "osm_type": "way", "latitude": 23.0101447, "longitude": 72.5832623, "name": "Transport Workshop", "industrial": null, "landuse": "industrial", "man_made": null, "power": null, "product": null, "operator": null, "works": null }, "geometry": { "type": "Point", "coordinates": [ 72.5832623, 23.0101447 ] } },
{ "type": "Feature", "properties": { "osm_id": 326682666, "osm_type": "way", "latitude": 23.0126838, "longitude": 72.5931682, "name": "Ankur Textile", "industrial": null, "landuse": "industrial", "man_made": null, "power": null, "product": null, "operator": null, "works": null }, "geometry": { "type": "Point", "coordinates": [ 72.5931682, 23.0126838 ] } },
{ "type": "Feature", "properties": { "osm_id": 326682670, "osm_type": "way", "latitude": 23.0118437, "longitude": 72.5896143, "name": null, "industrial": null, "landuse": "industrial", "man_made": null, "power": null, "product": null, "operator": null, "works": null }, "geometry": { "type": "Point", "coordinates": [ 72.5896143, 23.0118437 ] } },
{ "type": "Feature", "properties": { "osm_id": 326682672, "osm_type": "way", "latitude": 23.0146469, "longitude": 72.5898404, "name": null, "industrial": null, "landuse": "industrial", "man_made": null, "power": null, "product": null, "operator": null, "works": null }, "geometry": { "type": "Point", "coordinates": [ 72.5898404, 23.0146469 ] } },
{ "type": "Feature", "properties": { "osm_id": 326682673, "osm_type": "way", "latitude": 23.0084318, "longitude": 72.5889841, "name": null, "industrial": null, "landuse": "industrial", "man_made": null, "power": null, "product": null, "operator": null, "works": null }, "geometry": { "type": "Point", "coordinates": [ 72.5889841, 23.0084318 ] } },
{ "type": "Feature", "properties": { "osm_id": 326728737, "osm_type": "way", "latitude": 22.9946371, "longitude": 72.6393911, "name": null, "industrial": null, "landuse": "industrial", "man_made": null, "power": null, "product": null, "operator": null, "works": null }, "geometry": { "type": "Point", "coordinates": [ 72.6393911, 22.9946371 ] } },
{ "type": "Feature", "properties": { "osm_id": 326728738, "osm_type": "way", "latitude": 22.9936579, "longitude": 72.6344367, "name": null, "industrial": null, "landuse": "industrial", "man_made": null, "power": null, "product": null, "operator": null, "works": null }, "geometry": { "type": "Point", "coordinates": [ 72.6344367, 22.9936579 ] } },
{ "type": "Feature", "properties": { "osm_id": 326731584, "osm_type": "way", "latitude": 22.9807803, "longitude": 72.6149628, "name": null, "industrial": null, "landuse": "industrial", "man_made": null, "power": null, "product": null, "operator": null, "works": null }, "geometry": { "type": "Point", "coordinates": [ 72.6149628, 22.9807803 ] } },
{ "type": "Feature", "properties": { "osm_id": 326848219, "osm_type": "way", "latitude": 23.09024, "longitude": 72.5713891, "name": null, "industrial": null, "landuse": "industrial", "man_made": null, "power": null, "product": null, "operator": null, "works": null }, "geometry": { "type": "Point", "coordinates": [ 72.5713891, 23.09024 ] } },
{ "type": "Feature", "properties": { "osm_id": 326854359, "osm_type": "way", "latitude": 23.0357679, "longitude": 72.5991222, "name": null, "industrial": null, "landuse": "industrial", "man_made": null, "power": null, "product": null, "operator": null, "works": null }, "geometry": { "type": "Point", "coordinates": [ 72.5991222, 23.0357679 ] } },
{ "type": "Feature", "properties": { "osm_id": 326854360, "osm_type": "way", "latitude": 23.0397638, "longitude": 72.6146126, "name": null, "industrial": null, "landuse": "industrial", "man_made": null, "power": null, "product": null, "operator": null, "works": null }, "geometry": { "type": "Point", "coordinates": [ 72.6146126, 23.0397638 ] } },
{ "type": "Feature", "properties": { "osm_id": 326854361, "osm_type": "way", "latitude": 23.0457785, "longitude": 72.6226147, "name": null, "industrial": null, "landuse": "industrial", "man_made": null, "power": null, "product": null, "operator": null, "works": null }, "geometry": { "type": "Point", "coordinates": [ 72.6226147, 23.0457785 ] } },
{ "type": "Feature", "properties": { "osm_id": 326854362, "osm_type": "way", "latitude": 23.0478398, "longitude": 72.6285015, "name": null, "industrial": null, "landuse": "industrial", "man_made": null, "power": null, "product": null, "operator": null, "works": null }, "geometry": { "type": "Point", "coordinates": [ 72.6285015, 23.0478398 ] } },
{ "type": "Feature", "properties": { "osm_id": 326856794, "osm_type": "way", "latitude": 23.0182876, "longitude": 72.6290864, "name": null, "industrial": null, "landuse": "industrial", "man_made": null, "power": null, "product": null, "operator": null, "works": null }, "geometry": { "type": "Point", "coordinates": [ 72.6290864, 23.0182876 ] } },
{ "type": "Feature", "properties": { "osm_id": 326861839, "osm_type": "way", "latitude": 23.0649197, "longitude": 72.6461008, "name": null, "industrial": null, "landuse": "industrial", "man_made": null, "power": null, "product": null, "operator": null, "works": null }, "geometry": { "type": "Point", "coordinates": [ 72.6461008, 23.0649197 ] } },
{ "type": "Feature", "properties": { "osm_id": 327226542, "osm_type": "way", "latitude": 23.0972455, "longitude": 72.6231054, "name": "Bhat GIDC", "industrial": null, "landuse": "industrial", "man_made": null, "power": null, "product": null, "operator": null, "works": null }, "geometry": { "type": "Point", "coordinates": [ 72.6231054, 23.0972455 ] } },
{ "type": "Feature", "properties": { "osm_id": 332255558, "osm_type": "way", "latitude": 23.0110219, "longitude": 72.5877742, "name": null, "industrial": null, "landuse": "industrial", "man_made": null, "power": null, "product": null, "operator": null, "works": null }, "geometry": { "type": "Point", "coordinates": [ 72.5877742, 23.0110219 ] } },
{ "type": "Feature", "properties": { "osm_id": 338750595, "osm_type": "way", "latitude": 23.2494503, "longitude": 72.6310445, "name": null, "industrial": null, "landuse": "industrial", "man_made": null, "power": null, "product": null, "operator": null, "works": null }, "geometry": { "type": "Point", "coordinates": [ 72.6310445, 23.2494503 ] } },
{ "type": "Feature", "properties": { "osm_id": 338750596, "osm_type": "way", "latitude": 23.2420124, "longitude": 72.6275704, "name": null, "industrial": null, "landuse": "industrial", "man_made": null, "power": null, "product": null, "operator": null, "works": null }, "geometry": { "type": "Point", "coordinates": [ 72.6275704, 23.2420124 ] } },
{ "type": "Feature", "properties": { "osm_id": 338777884, "osm_type": "way", "latitude": 23.2496699, "longitude": 72.6368806, "name": null, "industrial": null, "landuse": "industrial", "man_made": null, "power": null, "product": null, "operator": null, "works": null }, "geometry": { "type": "Point", "coordinates": [ 72.6368806, 23.2496699 ] } },
{ "type": "Feature", "properties": { "osm_id": 338778399, "osm_type": "way", "latitude": 23.2253465, "longitude": 72.6265549, "name": null, "industrial": null, "landuse": "industrial", "man_made": null, "power": null, "product": null, "operator": null, "works": null }, "geometry": { "type": "Point", "coordinates": [ 72.6265549, 23.2253465 ] } },
{ "type": "Feature", "properties": { "osm_id": 367204725, "osm_type": "way", "latitude": 23.061303, "longitude": 72.4940579, "name": null, "industrial": null, "landuse": "industrial", "man_made": null, "power": null, "product": null, "operator": null, "works": null }, "geometry": { "type": "Point", "coordinates": [ 72.4940579, 23.061303 ] } },
{ "type": "Feature", "properties": { "osm_id": 374268031, "osm_type": "way", "latitude": 23.0908123, "longitude": 72.5897711, "name": "AMTS Depot", "industrial": "depot", "landuse": "industrial", "man_made": null, "power": null, "product": null, "operator": null, "works": null }, "geometry": { "type": "Point", "coordinates": [ 72.5897711, 23.0908123 ] } },
{ "type": "Feature", "properties": { "osm_id": 481184357, "osm_type": "way", "latitude": 23.1655747, "longitude": 72.8141633, "name": "Gujara Electrical Board Office", "industrial": null, "landuse": "industrial", "man_made": null, "power": null, "product": null, "operator": null, "works": null }, "geometry": { "type": "Point", "coordinates": [ 72.8141633, 23.1655747 ] } },
{ "type": "Feature", "properties": { "osm_id": 482144635, "osm_type": "way", "latitude": 23.1655928, "longitude": 72.8054878, "name": null, "industrial": null, "landuse": "industrial", "man_made": null, "power": null, "product": null, "operator": null, "works": null }, "geometry": { "type": "Point", "coordinates": [ 72.8054878, 23.1655928 ] } },
{ "type": "Feature", "properties": { "osm_id": 484467592, "osm_type": "way", "latitude": 22.9582492, "longitude": 72.6308827, "name": "intec frp II unit", "industrial": null, "landuse": null, "man_made": "works", "power": null, "product": null, "operator": null, "works": null }, "geometry": { "type": "Point", "coordinates": [ 72.6308827, 22.9582492 ] } },
{ "type": "Feature", "properties": { "osm_id": 484767232, "osm_type": "way", "latitude": 23.1647893, "longitude": 72.8141516, "name": null, "industrial": null, "landuse": "industrial", "man_made": null, "power": null, "product": null, "operator": null, "works": null }, "geometry": { "type": "Point", "coordinates": [ 72.8141516, 23.1647893 ] } },
{ "type": "Feature", "properties": { "osm_id": 486733183, "osm_type": "way", "latitude": 23.1488565, "longitude": 72.785984, "name": null, "industrial": null, "landuse": "industrial", "man_made": null, "power": null, "product": null, "operator": null, "works": null }, "geometry": { "type": "Point", "coordinates": [ 72.785984, 23.1488565 ] } },
{ "type": "Feature", "properties": { "osm_id": 487641391, "osm_type": "way", "latitude": 23.1059392, "longitude": 72.5633186, "name": null, "industrial": null, "landuse": "industrial", "man_made": null, "power": null, "product": null, "operator": null, "works": null }, "geometry": { "type": "Point", "coordinates": [ 72.5633186, 23.1059392 ] } },
{ "type": "Feature", "properties": { "osm_id": 499625699, "osm_type": "way", "latitude": 22.9787782, "longitude": 72.488068, "name": null, "industrial": null, "landuse": "industrial", "man_made": null, "power": null, "product": null, "operator": null, "works": null }, "geometry": { "type": "Point", "coordinates": [ 72.488068, 22.9787782 ] } },
{ "type": "Feature", "properties": { "osm_id": 499625700, "osm_type": "way", "latitude": 22.974987, "longitude": 72.4890992, "name": null, "industrial": null, "landuse": "industrial", "man_made": null, "power": null, "product": null, "operator": null, "works": null }, "geometry": { "type": "Point", "coordinates": [ 72.4890992, 22.974987 ] } },
{ "type": "Feature", "properties": { "osm_id": 499625701, "osm_type": "way", "latitude": 22.983525, "longitude": 72.4952138, "name": null, "industrial": null, "landuse": "industrial", "man_made": null, "power": null, "product": null, "operator": null, "works": null }, "geometry": { "type": "Point", "coordinates": [ 72.4952138, 22.983525 ] } },
{ "type": "Feature", "properties": { "osm_id": 519839586, "osm_type": "way", "latitude": 22.9355784, "longitude": 72.6384218, "name": null, "industrial": null, "landuse": "industrial", "man_made": null, "power": null, "product": null, "operator": null, "works": null }, "geometry": { "type": "Point", "coordinates": [ 72.6384218, 22.9355784 ] } },
{ "type": "Feature", "properties": { "osm_id": 542943278, "osm_type": "way", "latitude": 22.7707596, "longitude": 72.3326365, "name": "Kerala GIDC", "industrial": null, "landuse": "industrial", "man_made": null, "power": null, "product": null, "operator": null, "works": null }, "geometry": { "type": "Point", "coordinates": [ 72.3326365, 22.7707596 ] } },
{ "type": "Feature", "properties": { "osm_id": 545642983, "osm_type": "way", "latitude": 23.1667503, "longitude": 72.5062626, "name": null, "industrial": null, "landuse": "industrial", "man_made": null, "power": null, "product": null, "operator": null, "works": null }, "geometry": { "type": "Point", "coordinates": [ 72.5062626, 23.1667503 ] } },
{ "type": "Feature", "properties": { "osm_id": 547617462, "osm_type": "way", "latitude": 23.191178, "longitude": 72.5867258, "name": null, "industrial": null, "landuse": "industrial", "man_made": null, "power": null, "product": null, "operator": null, "works": null }, "geometry": { "type": "Point", "coordinates": [ 72.5867258, 23.191178 ] } },
{ "type": "Feature", "properties": { "osm_id": 602995046, "osm_type": "way", "latitude": 23.0256422, "longitude": 72.3026057, "name": "Bosch Rexroth India Limited", "industrial": null, "landuse": "industrial", "man_made": null, "power": null, "product": null, "operator": null, "works": null }, "geometry": { "type": "Point", "coordinates": [ 72.3026057, 23.0256422 ] } },
{ "type": "Feature", "properties": { "osm_id": 602995047, "osm_type": "way", "latitude": 23.0334281, "longitude": 72.2844865, "name": "Faurecia Automotive Seating India Pvt. Ltd.", "industrial": null, "landuse": "industrial", "man_made": null, "power": null, "product": null, "operator": null, "works": null }, "geometry": { "type": "Point", "coordinates": [ 72.2844865, 23.0334281 ] } },
{ "type": "Feature", "properties": { "osm_id": 629577735, "osm_type": "way", "latitude": 22.7567814, "longitude": 72.6559559, "name": null, "industrial": null, "landuse": "industrial", "man_made": null, "power": null, "product": null, "operator": null, "works": null }, "geometry": { "type": "Point", "coordinates": [ 72.6559559, 22.7567814 ] } },
{ "type": "Feature", "properties": { "osm_id": 634757905, "osm_type": "way", "latitude": 23.0041808, "longitude": 72.7530835, "name": null, "industrial": null, "landuse": "industrial", "man_made": null, "power": null, "product": null, "operator": null, "works": null }, "geometry": { "type": "Point", "coordinates": [ 72.7530835, 23.0041808 ] } },
{ "type": "Feature", "properties": { "osm_id": 651103881, "osm_type": "way", "latitude": 22.9256201, "longitude": 72.4492068, "name": null, "industrial": null, "landuse": "industrial", "man_made": null, "power": null, "product": null, "operator": null, "works": null }, "geometry": { "type": "Point", "coordinates": [ 72.4492068, 22.9256201 ] } },
{ "type": "Feature", "properties": { "osm_id": 651103890, "osm_type": "way", "latitude": 22.910616, "longitude": 72.4256307, "name": null, "industrial": null, "landuse": "industrial", "man_made": null, "power": null, "product": null, "operator": null, "works": null }, "geometry": { "type": "Point", "coordinates": [ 72.4256307, 22.910616 ] } },
{ "type": "Feature", "properties": { "osm_id": 651103892, "osm_type": "way", "latitude": 22.9243273, "longitude": 72.4408226, "name": null, "industrial": null, "landuse": "industrial", "man_made": null, "power": null, "product": null, "operator": null, "works": null }, "geometry": { "type": "Point", "coordinates": [ 72.4408226, 22.9243273 ] } },
{ "type": "Feature", "properties": { "osm_id": 651103897, "osm_type": "way", "latitude": 22.9368555, "longitude": 72.4518474, "name": null, "industrial": null, "landuse": "industrial", "man_made": null, "power": null, "product": null, "operator": null, "works": null }, "geometry": { "type": "Point", "coordinates": [ 72.4518474, 22.9368555 ] } },
{ "type": "Feature", "properties": { "osm_id": 651103899, "osm_type": "way", "latitude": 22.939575, "longitude": 72.4541539, "name": null, "industrial": null, "landuse": "industrial", "man_made": null, "power": null, "product": null, "operator": null, "works": null }, "geometry": { "type": "Point", "coordinates": [ 72.4541539, 22.939575 ] } },
{ "type": "Feature", "properties": { "osm_id": 651103901, "osm_type": "way", "latitude": 22.9419074, "longitude": 72.4571317, "name": null, "industrial": null, "landuse": "industrial", "man_made": null, "power": null, "product": null, "operator": null, "works": null }, "geometry": { "type": "Point", "coordinates": [ 72.4571317, 22.9419074 ] } },
{ "type": "Feature", "properties": { "osm_id": 651103905, "osm_type": "way", "latitude": 22.9542947, "longitude": 72.4678318, "name": null, "industrial": null, "landuse": "industrial", "man_made": null, "power": null, "product": null, "operator": null, "works": null }, "geometry": { "type": "Point", "coordinates": [ 72.4678318, 22.9542947 ] } },
{ "type": "Feature", "properties": { "osm_id": 651103907, "osm_type": "way", "latitude": 22.9521575, "longitude": 72.4683998, "name": null, "industrial": null, "landuse": "industrial", "man_made": null, "power": null, "product": null, "operator": null, "works": null }, "geometry": { "type": "Point", "coordinates": [ 72.4683998, 22.9521575 ] } },
{ "type": "Feature", "properties": { "osm_id": 651103911, "osm_type": "way", "latitude": 22.8938208, "longitude": 72.4180335, "name": null, "industrial": null, "landuse": "industrial", "man_made": null, "power": null, "product": null, "operator": null, "works": null }, "geometry": { "type": "Point", "coordinates": [ 72.4180335, 22.8938208 ] } },
{ "type": "Feature", "properties": { "osm_id": 651103913, "osm_type": "way", "latitude": 22.8838701, "longitude": 72.4138105, "name": null, "industrial": null, "landuse": "industrial", "man_made": null, "power": null, "product": null, "operator": null, "works": null }, "geometry": { "type": "Point", "coordinates": [ 72.4138105, 22.8838701 ] } },
{ "type": "Feature", "properties": { "osm_id": 651103915, "osm_type": "way", "latitude": 22.877431, "longitude": 72.4035274, "name": null, "industrial": null, "landuse": "industrial", "man_made": null, "power": null, "product": null, "operator": null, "works": null }, "geometry": { "type": "Point", "coordinates": [ 72.4035274, 22.877431 ] } },
{ "type": "Feature", "properties": { "osm_id": 651103917, "osm_type": "way", "latitude": 22.8904139, "longitude": 72.4103607, "name": null, "industrial": null, "landuse": "industrial", "man_made": null, "power": null, "product": null, "operator": null, "works": null }, "geometry": { "type": "Point", "coordinates": [ 72.4103607, 22.8904139 ] } },
{ "type": "Feature", "properties": { "osm_id": 651103919, "osm_type": "way", "latitude": 22.89758, "longitude": 72.4149044, "name": null, "industrial": null, "landuse": "industrial", "man_made": null, "power": null, "product": null, "operator": null, "works": null }, "geometry": { "type": "Point", "coordinates": [ 72.4149044, 22.89758 ] } },
{ "type": "Feature", "properties": { "osm_id": 651103921, "osm_type": "way", "latitude": 22.8728234, "longitude": 72.3932796, "name": null, "industrial": null, "landuse": "industrial", "man_made": null, "power": null, "product": null, "operator": null, "works": null }, "geometry": { "type": "Point", "coordinates": [ 72.3932796, 22.8728234 ] } },
{ "type": "Feature", "properties": { "osm_id": 651103923, "osm_type": "way", "latitude": 22.8714033, "longitude": 72.3965867, "name": null, "industrial": null, "landuse": "industrial", "man_made": null, "power": null, "product": null, "operator": null, "works": null }, "geometry": { "type": "Point", "coordinates": [ 72.3965867, 22.8714033 ] } },
{ "type": "Feature", "properties": { "osm_id": 651103926, "osm_type": "way", "latitude": 22.8615862, "longitude": 72.3832034, "name": null, "industrial": null, "landuse": "industrial", "man_made": null, "power": null, "product": null, "operator": null, "works": null }, "geometry": { "type": "Point", "coordinates": [ 72.3832034, 22.8615862 ] } },
{ "type": "Feature", "properties": { "osm_id": 651103928, "osm_type": "way", "latitude": 22.8592409, "longitude": 72.3792735, "name": null, "industrial": null, "landuse": "industrial", "man_made": null, "power": null, "product": null, "operator": null, "works": null }, "geometry": { "type": "Point", "coordinates": [ 72.3792735, 22.8592409 ] } },
{ "type": "Feature", "properties": { "osm_id": 651103930, "osm_type": "way", "latitude": 22.8554266, "longitude": 72.3814357, "name": null, "industrial": null, "landuse": "industrial", "man_made": null, "power": null, "product": null, "operator": null, "works": null }, "geometry": { "type": "Point", "coordinates": [ 72.3814357, 22.8554266 ] } },
{ "type": "Feature", "properties": { "osm_id": 651103932, "osm_type": "way", "latitude": 22.8510046, "longitude": 72.3751237, "name": null, "industrial": null, "landuse": "industrial", "man_made": null, "power": null, "product": null, "operator": null, "works": null }, "geometry": { "type": "Point", "coordinates": [ 72.3751237, 22.8510046 ] } },
{ "type": "Feature", "properties": { "osm_id": 651103934, "osm_type": "way", "latitude": 22.8476928, "longitude": 72.3757059, "name": null, "industrial": null, "landuse": "industrial", "man_made": null, "power": null, "product": null, "operator": null, "works": null }, "geometry": { "type": "Point", "coordinates": [ 72.3757059, 22.8476928 ] } },
{ "type": "Feature", "properties": { "osm_id": 651103936, "osm_type": "way", "latitude": 22.8428903, "longitude": 72.3689131, "name": null, "industrial": null, "landuse": "industrial", "man_made": null, "power": null, "product": null, "operator": null, "works": null }, "geometry": { "type": "Point", "coordinates": [ 72.3689131, 22.8428903 ] } },
{ "type": "Feature", "properties": { "osm_id": 651103938, "osm_type": "way", "latitude": 22.8425068, "longitude": 72.3726989, "name": null, "industrial": null, "landuse": "industrial", "man_made": null, "power": null, "product": null, "operator": null, "works": null }, "geometry": { "type": "Point", "coordinates": [ 72.3726989, 22.8425068 ] } },
{ "type": "Feature", "properties": { "osm_id": 651103940, "osm_type": "way", "latitude": 22.8489405, "longitude": 72.3747885, "name": null, "industrial": null, "landuse": "industrial", "man_made": null, "power": null, "product": null, "operator": null, "works": null }, "geometry": { "type": "Point", "coordinates": [ 72.3747885, 22.8489405 ] } },
{ "type": "Feature", "properties": { "osm_id": 651103944, "osm_type": "way", "latitude": 22.8990748, "longitude": 72.4270075, "name": null, "industrial": null, "landuse": "industrial", "man_made": null, "power": null, "product": null, "operator": null, "works": null }, "geometry": { "type": "Point", "coordinates": [ 72.4270075, 22.8990748 ] } },
{ "type": "Feature", "properties": { "osm_id": 651103946, "osm_type": "way", "latitude": 22.9180755, "longitude": 72.4260582, "name": null, "industrial": null, "landuse": "industrial", "man_made": null, "power": null, "product": null, "operator": null, "works": null }, "geometry": { "type": "Point", "coordinates": [ 72.4260582, 22.9180755 ] } },
{ "type": "Feature", "properties": { "osm_id": 651103948, "osm_type": "way", "latitude": 22.9596291, "longitude": 72.4727317, "name": null, "industrial": null, "landuse": "industrial", "man_made": null, "power": null, "product": null, "operator": null, "works": null }, "geometry": { "type": "Point", "coordinates": [ 72.4727317, 22.9596291 ] } },
{ "type": "Feature", "properties": { "osm_id": 651103950, "osm_type": "way", "latitude": 22.9582855, "longitude": 72.4755659, "name": null, "industrial": null, "landuse": "industrial", "man_made": null, "power": null, "product": null, "operator": null, "works": null }, "geometry": { "type": "Point", "coordinates": [ 72.4755659, 22.9582855 ] } },
{ "type": "Feature", "properties": { "osm_id": 651103952, "osm_type": "way", "latitude": 22.9588679, "longitude": 72.4775762, "name": null, "industrial": null, "landuse": "industrial", "man_made": null, "power": null, "product": null, "operator": null, "works": null }, "geometry": { "type": "Point", "coordinates": [ 72.4775762, 22.9588679 ] } },
{ "type": "Feature", "properties": { "osm_id": 651103953, "osm_type": "way", "latitude": 22.9619101, "longitude": 72.477537, "name": null, "industrial": null, "landuse": "industrial", "man_made": null, "power": null, "product": null, "operator": null, "works": null }, "geometry": { "type": "Point", "coordinates": [ 72.477537, 22.9619101 ] } },
{ "type": "Feature", "properties": { "osm_id": 651103956, "osm_type": "way", "latitude": 22.9638209, "longitude": 72.4760982, "name": null, "industrial": null, "landuse": "industrial", "man_made": null, "power": null, "product": null, "operator": null, "works": null }, "geometry": { "type": "Point", "coordinates": [ 72.4760982, 22.9638209 ] } },
{ "type": "Feature", "properties": { "osm_id": 651103958, "osm_type": "way", "latitude": 22.9688429, "longitude": 72.4798421, "name": null, "industrial": null, "landuse": "industrial", "man_made": null, "power": null, "product": null, "operator": null, "works": null }, "geometry": { "type": "Point", "coordinates": [ 72.4798421, 22.9688429 ] } },
{ "type": "Feature", "properties": { "osm_id": 651106990, "osm_type": "way", "latitude": 22.7871268, "longitude": 72.3335794, "name": null, "industrial": null, "landuse": "industrial", "man_made": null, "power": null, "product": null, "operator": null, "works": null }, "geometry": { "type": "Point", "coordinates": [ 72.3335794, 22.7871268 ] } },
{ "type": "Feature", "properties": { "osm_id": 651106993, "osm_type": "way", "latitude": 22.7509914, "longitude": 72.3069954, "name": null, "industrial": null, "landuse": "industrial", "man_made": null, "power": null, "product": null, "operator": null, "works": null }, "geometry": { "type": "Point", "coordinates": [ 72.3069954, 22.7509914 ] } },
{ "type": "Feature", "properties": { "osm_id": 653190317, "osm_type": "way", "latitude": 22.8858668, "longitude": 72.5879099, "name": null, "industrial": null, "landuse": "industrial", "man_made": null, "power": null, "product": null, "operator": null, "works": null }, "geometry": { "type": "Point", "coordinates": [ 72.5879099, 22.8858668 ] } },
{ "type": "Feature", "properties": { "osm_id": 653193649, "osm_type": "way", "latitude": 22.8813689, "longitude": 72.5919973, "name": null, "industrial": null, "landuse": "industrial", "man_made": null, "power": null, "product": null, "operator": null, "works": null }, "geometry": { "type": "Point", "coordinates": [ 72.5919973, 22.8813689 ] } },
{ "type": "Feature", "properties": { "osm_id": 653193650, "osm_type": "way", "latitude": 22.8809593, "longitude": 72.5955577, "name": null, "industrial": null, "landuse": "industrial", "man_made": null, "power": null, "product": null, "operator": null, "works": null }, "geometry": { "type": "Point", "coordinates": [ 72.5955577, 22.8809593 ] } },
{ "type": "Feature", "properties": { "osm_id": 653193651, "osm_type": "way", "latitude": 22.8774802, "longitude": 72.5917751, "name": null, "industrial": null, "landuse": "industrial", "man_made": null, "power": null, "product": null, "operator": null, "works": null }, "geometry": { "type": "Point", "coordinates": [ 72.5917751, 22.8774802 ] } },
{ "type": "Feature", "properties": { "osm_id": 653193652, "osm_type": "way", "latitude": 22.8749837, "longitude": 72.5921843, "name": null, "industrial": null, "landuse": "industrial", "man_made": null, "power": null, "product": null, "operator": null, "works": null }, "geometry": { "type": "Point", "coordinates": [ 72.5921843, 22.8749837 ] } },
{ "type": "Feature", "properties": { "osm_id": 653193653, "osm_type": "way", "latitude": 22.8742624, "longitude": 72.5940658, "name": null, "industrial": null, "landuse": "industrial", "man_made": null, "power": null, "product": null, "operator": null, "works": null }, "geometry": { "type": "Point", "coordinates": [ 72.5940658, 22.8742624 ] } },
{ "type": "Feature", "properties": { "osm_id": 653193654, "osm_type": "way", "latitude": 22.8700656, "longitude": 72.5944507, "name": null, "industrial": null, "landuse": "industrial", "man_made": null, "power": null, "product": null, "operator": null, "works": null }, "geometry": { "type": "Point", "coordinates": [ 72.5944507, 22.8700656 ] } },
{ "type": "Feature", "properties": { "osm_id": 653193655, "osm_type": "way", "latitude": 22.8660854, "longitude": 72.5938637, "name": null, "industrial": null, "landuse": "industrial", "man_made": null, "power": null, "product": null, "operator": null, "works": null }, "geometry": { "type": "Point", "coordinates": [ 72.5938637, 22.8660854 ] } },
{ "type": "Feature", "properties": { "osm_id": 653193656, "osm_type": "way", "latitude": 22.8563597, "longitude": 72.5972225, "name": null, "industrial": null, "landuse": "industrial", "man_made": null, "power": null, "product": null, "operator": null, "works": null }, "geometry": { "type": "Point", "coordinates": [ 72.5972225, 22.8563597 ] } },
{ "type": "Feature", "properties": { "osm_id": 653193657, "osm_type": "way", "latitude": 22.8580239, "longitude": 72.5993438, "name": null, "industrial": null, "landuse": "industrial", "man_made": null, "power": null, "product": null, "operator": null, "works": null }, "geometry": { "type": "Point", "coordinates": [ 72.5993438, 22.8580239 ] } },
{ "type": "Feature", "properties": { "osm_id": 653193658, "osm_type": "way", "latitude": 22.8583911, "longitude": 72.6016417, "name": null, "industrial": null, "landuse": "industrial", "man_made": null, "power": null, "product": null, "operator": null, "works": null }, "geometry": { "type": "Point", "coordinates": [ 72.6016417, 22.8583911 ] } },
{ "type": "Feature", "properties": { "osm_id": 653193659, "osm_type": "way", "latitude": 22.86304, "longitude": 72.5917319, "name": null, "industrial": null, "landuse": "industrial", "man_made": null, "power": null, "product": null, "operator": null, "works": null }, "geometry": { "type": "Point", "coordinates": [ 72.5917319, 22.86304 ] } },
{ "type": "Feature", "properties": { "osm_id": 653193660, "osm_type": "way", "latitude": 22.8627809, "longitude": 72.5932865, "name": null, "industrial": null, "landuse": "industrial", "man_made": null, "power": null, "product": null, "operator": null, "works": null }, "geometry": { "type": "Point", "coordinates": [ 72.5932865, 22.8627809 ] } },
{ "type": "Feature", "properties": { "osm_id": 653193661, "osm_type": "way", "latitude": 22.8999922, "longitude": 72.5974066, "name": null, "industrial": null, "landuse": "industrial", "man_made": null, "power": null, "product": null, "operator": null, "works": null }, "geometry": { "type": "Point", "coordinates": [ 72.5974066, 22.8999922 ] } },
{ "type": "Feature", "properties": { "osm_id": 653193662, "osm_type": "way", "latitude": 22.8998335, "longitude": 72.5910723, "name": null, "industrial": null, "landuse": "industrial", "man_made": null, "power": null, "product": null, "operator": null, "works": null }, "geometry": { "type": "Point", "coordinates": [ 72.5910723, 22.8998335 ] } },
{ "type": "Feature", "properties": { "osm_id": 653193663, "osm_type": "way", "latitude": 22.9137179, "longitude": 72.5981895, "name": null, "industrial": null, "landuse": "industrial", "man_made": null, "power": null, "product": null, "operator": null, "works": null }, "geometry": { "type": "Point", "coordinates": [ 72.5981895, 22.9137179 ] } },
{ "type": "Feature", "properties": { "osm_id": 653193665, "osm_type": "way", "latitude": 22.9062372, "longitude": 72.5893799, "name": null, "industrial": null, "landuse": "industrial", "man_made": null, "power": null, "product": null, "operator": null, "works": null }, "geometry": { "type": "Point", "coordinates": [ 72.5893799, 22.9062372 ] } },
{ "type": "Feature", "properties": { "osm_id": 653193666, "osm_type": "way", "latitude": 22.9092225, "longitude": 72.593112, "name": null, "industrial": null, "landuse": "industrial", "man_made": null, "power": null, "product": null, "operator": null, "works": null }, "geometry": { "type": "Point", "coordinates": [ 72.593112, 22.9092225 ] } },
{ "type": "Feature", "properties": { "osm_id": 653193667, "osm_type": "way", "latitude": 22.9198842, "longitude": 72.5922604, "name": null, "industrial": null, "landuse": "industrial", "man_made": null, "power": null, "product": null, "operator": null, "works": null }, "geometry": { "type": "Point", "coordinates": [ 72.5922604, 22.9198842 ] } },
{ "type": "Feature", "properties": { "osm_id": 653193668, "osm_type": "way", "latitude": 22.9243638, "longitude": 72.5929007, "name": null, "industrial": null, "landuse": "industrial", "man_made": null, "power": null, "product": null, "operator": null, "works": null }, "geometry": { "type": "Point", "coordinates": [ 72.5929007, 22.9243638 ] } },
{ "type": "Feature", "properties": { "osm_id": 653193669, "osm_type": "way", "latitude": 22.949245, "longitude": 72.5838924, "name": null, "industrial": null, "landuse": "industrial", "man_made": null, "power": null, "product": null, "operator": null, "works": null }, "geometry": { "type": "Point", "coordinates": [ 72.5838924, 22.949245 ] } },
{ "type": "Feature", "properties": { "osm_id": 661498574, "osm_type": "way", "latitude": 22.7759208, "longitude": 72.6425323, "name": null, "industrial": null, "landuse": "industrial", "man_made": null, "power": null, "product": null, "operator": null, "works": null }, "geometry": { "type": "Point", "coordinates": [ 72.6425323, 22.7759208 ] } },
{ "type": "Feature", "properties": { "osm_id": 661498575, "osm_type": "way", "latitude": 22.7795166, "longitude": 72.6501928, "name": null, "industrial": null, "landuse": "industrial", "man_made": null, "power": null, "product": null, "operator": null, "works": null }, "geometry": { "type": "Point", "coordinates": [ 72.6501928, 22.7795166 ] } },
{ "type": "Feature", "properties": { "osm_id": 661498576, "osm_type": "way", "latitude": 22.7805958, "longitude": 72.6402956, "name": null, "industrial": null, "landuse": "industrial", "man_made": null, "power": null, "product": null, "operator": null, "works": null }, "geometry": { "type": "Point", "coordinates": [ 72.6402956, 22.7805958 ] } },
{ "type": "Feature", "properties": { "osm_id": 661498577, "osm_type": "way", "latitude": 22.7832013, "longitude": 72.6406129, "name": null, "industrial": null, "landuse": "industrial", "man_made": null, "power": null, "product": null, "operator": null, "works": null }, "geometry": { "type": "Point", "coordinates": [ 72.6406129, 22.7832013 ] } },
{ "type": "Feature", "properties": { "osm_id": 661498578, "osm_type": "way", "latitude": 22.786933, "longitude": 72.6343981, "name": null, "industrial": null, "landuse": "industrial", "man_made": null, "power": null, "product": null, "operator": null, "works": null }, "geometry": { "type": "Point", "coordinates": [ 72.6343981, 22.786933 ] } },
{ "type": "Feature", "properties": { "osm_id": 661498579, "osm_type": "way", "latitude": 22.7909195, "longitude": 72.6328549, "name": null, "industrial": null, "landuse": "industrial", "man_made": null, "power": null, "product": null, "operator": null, "works": null }, "geometry": { "type": "Point", "coordinates": [ 72.6328549, 22.7909195 ] } },
{ "type": "Feature", "properties": { "osm_id": 661498580, "osm_type": "way", "latitude": 22.7988984, "longitude": 72.6304263, "name": null, "industrial": null, "landuse": "industrial", "man_made": null, "power": null, "product": null, "operator": null, "works": null }, "geometry": { "type": "Point", "coordinates": [ 72.6304263, 22.7988984 ] } },
{ "type": "Feature", "properties": { "osm_id": 661498581, "osm_type": "way", "latitude": 22.8033394, "longitude": 72.6262814, "name": null, "industrial": null, "landuse": "industrial", "man_made": null, "power": null, "product": null, "operator": null, "works": null }, "geometry": { "type": "Point", "coordinates": [ 72.6262814, 22.8033394 ] } },
{ "type": "Feature", "properties": { "osm_id": 661498583, "osm_type": "way", "latitude": 22.8072453, "longitude": 72.6204666, "name": null, "industrial": null, "landuse": "industrial", "man_made": null, "power": null, "product": null, "operator": null, "works": null }, "geometry": { "type": "Point", "coordinates": [ 72.6204666, 22.8072453 ] } },
{ "type": "Feature", "properties": { "osm_id": 661498584, "osm_type": "way", "latitude": 22.8099861, "longitude": 72.6097634, "name": null, "industrial": null, "landuse": "industrial", "man_made": null, "power": null, "product": null, "operator": null, "works": null }, "geometry": { "type": "Point", "coordinates": [ 72.6097634, 22.8099861 ] } },
{ "type": "Feature", "properties": { "osm_id": 661498585, "osm_type": "way", "latitude": 22.8172823, "longitude": 72.6208472, "name": null, "industrial": null, "landuse": "industrial", "man_made": null, "power": null, "product": null, "operator": null, "works": null }, "geometry": { "type": "Point", "coordinates": [ 72.6208472, 22.8172823 ] } },
{ "type": "Feature", "properties": { "osm_id": 661498586, "osm_type": "way", "latitude": 22.824238, "longitude": 72.609199, "name": null, "industrial": null, "landuse": "industrial", "man_made": null, "power": null, "product": null, "operator": null, "works": null }, "geometry": { "type": "Point", "coordinates": [ 72.609199, 22.824238 ] } },
{ "type": "Feature", "properties": { "osm_id": 661498587, "osm_type": "way", "latitude": 22.8247479, "longitude": 72.6143319, "name": null, "industrial": null, "landuse": "industrial", "man_made": null, "power": null, "product": null, "operator": null, "works": null }, "geometry": { "type": "Point", "coordinates": [ 72.6143319, 22.8247479 ] } },
{ "type": "Feature", "properties": { "osm_id": 661498588, "osm_type": "way", "latitude": 22.8267113, "longitude": 72.6169135, "name": null, "industrial": null, "landuse": "industrial", "man_made": null, "power": null, "product": null, "operator": null, "works": null }, "geometry": { "type": "Point", "coordinates": [ 72.6169135, 22.8267113 ] } },
{ "type": "Feature", "properties": { "osm_id": 661498589, "osm_type": "way", "latitude": 22.8324219, "longitude": 72.6232543, "name": null, "industrial": null, "landuse": "industrial", "man_made": null, "power": null, "product": null, "operator": null, "works": null }, "geometry": { "type": "Point", "coordinates": [ 72.6232543, 22.8324219 ] } },
{ "type": "Feature", "properties": { "osm_id": 661503365, "osm_type": "way", "latitude": 22.9457432, "longitude": 72.5876193, "name": null, "industrial": null, "landuse": "industrial", "man_made": null, "power": null, "product": null, "operator": null, "works": null }, "geometry": { "type": "Point", "coordinates": [ 72.5876193, 22.9457432 ] } },
{ "type": "Feature", "properties": { "osm_id": 661503367, "osm_type": "way", "latitude": 22.7628041, "longitude": 72.6556741, "name": null, "industrial": null, "landuse": "industrial", "man_made": null, "power": null, "product": null, "operator": null, "works": null }, "geometry": { "type": "Point", "coordinates": [ 72.6556741, 22.7628041 ] } },
{ "type": "Feature", "properties": { "osm_id": 663105999, "osm_type": "way", "latitude": 22.9848923, "longitude": 72.8112944, "name": null, "industrial": null, "landuse": "industrial", "man_made": null, "power": null, "product": null, "operator": null, "works": null }, "geometry": { "type": "Point", "coordinates": [ 72.8112944, 22.9848923 ] } },
{ "type": "Feature", "properties": { "osm_id": 663450164, "osm_type": "way", "latitude": 22.771834, "longitude": 72.6492298, "name": null, "industrial": null, "landuse": "industrial", "man_made": null, "power": null, "product": null, "operator": null, "works": null }, "geometry": { "type": "Point", "coordinates": [ 72.6492298, 22.771834 ] } },
{ "type": "Feature", "properties": { "osm_id": 663457137, "osm_type": "way", "latitude": 22.9019063, "longitude": 72.6720403, "name": null, "industrial": null, "landuse": "industrial", "man_made": null, "power": null, "product": null, "operator": null, "works": null }, "geometry": { "type": "Point", "coordinates": [ 72.6720403, 22.9019063 ] } },
{ "type": "Feature", "properties": { "osm_id": 663471277, "osm_type": "way", "latitude": 22.8845762, "longitude": 72.5831868, "name": null, "industrial": null, "landuse": "industrial", "man_made": null, "power": null, "product": null, "operator": null, "works": null }, "geometry": { "type": "Point", "coordinates": [ 72.5831868, 22.8845762 ] } },
{ "type": "Feature", "properties": { "osm_id": 663471278, "osm_type": "way", "latitude": 22.8811396, "longitude": 72.5755628, "name": null, "industrial": null, "landuse": "industrial", "man_made": null, "power": null, "product": null, "operator": null, "works": null }, "geometry": { "type": "Point", "coordinates": [ 72.5755628, 22.8811396 ] } },
{ "type": "Feature", "properties": { "osm_id": 663471280, "osm_type": "way", "latitude": 22.8824351, "longitude": 72.5730722, "name": null, "industrial": null, "landuse": "industrial", "man_made": null, "power": null, "product": null, "operator": null, "works": null }, "geometry": { "type": "Point", "coordinates": [ 72.5730722, 22.8824351 ] } },
{ "type": "Feature", "properties": { "osm_id": 663471281, "osm_type": "way", "latitude": 22.8791457, "longitude": 72.5689406, "name": null, "industrial": null, "landuse": "industrial", "man_made": null, "power": null, "product": null, "operator": null, "works": null }, "geometry": { "type": "Point", "coordinates": [ 72.5689406, 22.8791457 ] } },
{ "type": "Feature", "properties": { "osm_id": 663473088, "osm_type": "way", "latitude": 22.9043993, "longitude": 72.5920885, "name": null, "industrial": null, "landuse": "industrial", "man_made": null, "power": null, "product": null, "operator": null, "works": null }, "geometry": { "type": "Point", "coordinates": [ 72.5920885, 22.9043993 ] } },
{ "type": "Feature", "properties": { "osm_id": 663551859, "osm_type": "way", "latitude": 23.010985, "longitude": 72.356092, "name": null, "industrial": null, "landuse": "industrial", "man_made": null, "power": null, "product": null, "operator": null, "works": null }, "geometry": { "type": "Point", "coordinates": [ 72.356092, 23.010985 ] } },
{ "type": "Feature", "properties": { "osm_id": 663647814, "osm_type": "way", "latitude": 22.966847, "longitude": 72.636958, "name": null, "industrial": null, "landuse": null, "man_made": "works", "power": null, "product": null, "operator": null, "works": null }, "geometry": { "type": "Point", "coordinates": [ 72.636958, 22.966847 ] } },
{ "type": "Feature", "properties": { "osm_id": 663647815, "osm_type": "way", "latitude": 22.9624128, "longitude": 72.6377693, "name": null, "industrial": null, "landuse": null, "man_made": "works", "power": null, "product": null, "operator": null, "works": null }, "geometry": { "type": "Point", "coordinates": [ 72.6377693, 22.9624128 ] } },
{ "type": "Feature", "properties": { "osm_id": 663647816, "osm_type": "way", "latitude": 22.9603877, "longitude": 72.6336109, "name": null, "industrial": null, "landuse": null, "man_made": "works", "power": null, "product": null, "operator": null, "works": null }, "geometry": { "type": "Point", "coordinates": [ 72.6336109, 22.9603877 ] } },
{ "type": "Feature", "properties": { "osm_id": 663647817, "osm_type": "way", "latitude": 22.9615583, "longitude": 72.6335502, "name": null, "industrial": null, "landuse": null, "man_made": "works", "power": null, "product": null, "operator": null, "works": null }, "geometry": { "type": "Point", "coordinates": [ 72.6335502, 22.9615583 ] } },
{ "type": "Feature", "properties": { "osm_id": 663762912, "osm_type": "way", "latitude": 23.0222213, "longitude": 72.311581, "name": null, "industrial": null, "landuse": "industrial", "man_made": null, "power": null, "product": null, "operator": null, "works": null }, "geometry": { "type": "Point", "coordinates": [ 72.311581, 23.0222213 ] } },
{ "type": "Feature", "properties": { "osm_id": 663762913, "osm_type": "way", "latitude": 23.0248313, "longitude": 72.3177295, "name": null, "industrial": null, "landuse": "industrial", "man_made": null, "power": null, "product": null, "operator": null, "works": null }, "geometry": { "type": "Point", "coordinates": [ 72.3177295, 23.0248313 ] } },
{ "type": "Feature", "properties": { "osm_id": 663762914, "osm_type": "way", "latitude": 23.0216763, "longitude": 72.3268503, "name": null, "industrial": null, "landuse": "industrial", "man_made": null, "power": null, "product": null, "operator": null, "works": null }, "geometry": { "type": "Point", "coordinates": [ 72.3268503, 23.0216763 ] } },
{ "type": "Feature", "properties": { "osm_id": 663776373, "osm_type": "way", "latitude": 22.9983229, "longitude": 72.2769393, "name": null, "industrial": null, "landuse": "industrial", "man_made": null, "power": null, "product": null, "operator": null, "works": null }, "geometry": { "type": "Point", "coordinates": [ 72.2769393, 22.9983229 ] } },
{ "type": "Feature", "properties": { "osm_id": 663776377, "osm_type": "way", "latitude": 23.0350778, "longitude": 72.2790357, "name": null, "industrial": null, "landuse": "industrial", "man_made": null, "power": null, "product": null, "operator": null, "works": null }, "geometry": { "type": "Point", "coordinates": [ 72.2790357, 23.0350778 ] } },
{ "type": "Feature", "properties": { "osm_id": 664093461, "osm_type": "way", "latitude": 22.9698571, "longitude": 72.6560883, "name": null, "industrial": null, "landuse": "industrial", "man_made": null, "power": null, "product": null, "operator": null, "works": null }, "geometry": { "type": "Point", "coordinates": [ 72.6560883, 22.9698571 ] } },
{ "type": "Feature", "properties": { "osm_id": 668423627, "osm_type": "way", "latitude": 23.0160717, "longitude": 72.7528772, "name": null, "industrial": null, "landuse": "industrial", "man_made": null, "power": null, "product": null, "operator": null, "works": null }, "geometry": { "type": "Point", "coordinates": [ 72.7528772, 23.0160717 ] } },
{ "type": "Feature", "properties": { "osm_id": 668423628, "osm_type": "way", "latitude": 23.0148424, "longitude": 72.7557872, "name": null, "industrial": null, "landuse": "industrial", "man_made": null, "power": null, "product": null, "operator": null, "works": null }, "geometry": { "type": "Point", "coordinates": [ 72.7557872, 23.0148424 ] } },
{ "type": "Feature", "properties": { "osm_id": 668426252, "osm_type": "way", "latitude": 22.9824316, "longitude": 72.7274117, "name": null, "industrial": null, "landuse": "industrial", "man_made": null, "power": null, "product": null, "operator": null, "works": null }, "geometry": { "type": "Point", "coordinates": [ 72.7274117, 22.9824316 ] } },
{ "type": "Feature", "properties": { "osm_id": 668435065, "osm_type": "way", "latitude": 23.0982706, "longitude": 72.7647229, "name": null, "industrial": null, "landuse": "industrial", "man_made": null, "power": null, "product": null, "operator": null, "works": null }, "geometry": { "type": "Point", "coordinates": [ 72.7647229, 23.0982706 ] } },
{ "type": "Feature", "properties": { "osm_id": 668435066, "osm_type": "way", "latitude": 23.0969988, "longitude": 72.7580218, "name": null, "industrial": null, "landuse": "industrial", "man_made": null, "power": null, "product": null, "operator": null, "works": null }, "geometry": { "type": "Point", "coordinates": [ 72.7580218, 23.0969988 ] } },
{ "type": "Feature", "properties": { "osm_id": 668435067, "osm_type": "way", "latitude": 23.0959953, "longitude": 72.7476792, "name": null, "industrial": null, "landuse": "industrial", "man_made": null, "power": null, "product": null, "operator": null, "works": null }, "geometry": { "type": "Point", "coordinates": [ 72.7476792, 23.0959953 ] } },
{ "type": "Feature", "properties": { "osm_id": 668435068, "osm_type": "way", "latitude": 23.0983601, "longitude": 72.7490394, "name": null, "industrial": null, "landuse": "industrial", "man_made": null, "power": null, "product": null, "operator": null, "works": null }, "geometry": { "type": "Point", "coordinates": [ 72.7490394, 23.0983601 ] } },
{ "type": "Feature", "properties": { "osm_id": 668435069, "osm_type": "way", "latitude": 23.0918535, "longitude": 72.7514554, "name": null, "industrial": null, "landuse": "industrial", "man_made": null, "power": null, "product": null, "operator": null, "works": null }, "geometry": { "type": "Point", "coordinates": [ 72.7514554, 23.0918535 ] } },
{ "type": "Feature", "properties": { "osm_id": 674693239, "osm_type": "way", "latitude": 23.1061111, "longitude": 72.7407913, "name": null, "industrial": null, "landuse": "industrial", "man_made": null, "power": null, "product": null, "operator": null, "works": null }, "geometry": { "type": "Point", "coordinates": [ 72.7407913, 23.1061111 ] } },
{ "type": "Feature", "properties": { "osm_id": 674693240, "osm_type": "way", "latitude": 23.1075283, "longitude": 72.7463146, "name": null, "industrial": null, "landuse": "industrial", "man_made": null, "power": null, "product": null, "operator": null, "works": null }, "geometry": { "type": "Point", "coordinates": [ 72.7463146, 23.1075283 ] } },
{ "type": "Feature", "properties": { "osm_id": 674693241, "osm_type": "way", "latitude": 23.1133685, "longitude": 72.7430165, "name": null, "industrial": null, "landuse": "industrial", "man_made": null, "power": null, "product": null, "operator": null, "works": null }, "geometry": { "type": "Point", "coordinates": [ 72.7430165, 23.1133685 ] } },
{ "type": "Feature", "properties": { "osm_id": 674885115, "osm_type": "way", "latitude": 22.7659888, "longitude": 72.5699308, "name": null, "industrial": null, "landuse": "industrial", "man_made": null, "power": null, "product": null, "operator": null, "works": null }, "geometry": { "type": "Point", "coordinates": [ 72.5699308, 22.7659888 ] } },
{ "type": "Feature", "properties": { "osm_id": 694241025, "osm_type": "way", "latitude": 23.1934871, "longitude": 72.6223078, "name": "IT Park", "industrial": null, "landuse": "industrial", "man_made": null, "power": "substation", "product": null, "operator": "Torrent", "works": null }, "geometry": { "type": "Point", "coordinates": [ 72.6223078, 23.1934871 ] } },
{ "type": "Feature", "properties": { "osm_id": 730859587, "osm_type": "way", "latitude": 22.9779944, "longitude": 72.568569, "name": null, "industrial": null, "landuse": "industrial", "man_made": null, "power": null, "product": null, "operator": null, "works": null }, "geometry": { "type": "Point", "coordinates": [ 72.568569, 22.9779944 ] } },
{ "type": "Feature", "properties": { "osm_id": 871656247, "osm_type": "way", "latitude": 22.8704547, "longitude": 72.3951381, "name": null, "industrial": null, "landuse": null, "man_made": "works", "power": null, "product": null, "operator": null, "works": null }, "geometry": { "type": "Point", "coordinates": [ 72.3951381, 22.8704547 ] } },
{ "type": "Feature", "properties": { "osm_id": 871656248, "osm_type": "way", "latitude": 22.8588086, "longitude": 72.3848578, "name": null, "industrial": null, "landuse": "industrial", "man_made": null, "power": null, "product": null, "operator": null, "works": null }, "geometry": { "type": "Point", "coordinates": [ 72.3848578, 22.8588086 ] } },
{ "type": "Feature", "properties": { "osm_id": 871656249, "osm_type": "way", "latitude": 22.8086687, "longitude": 72.3809123, "name": null, "industrial": null, "landuse": "industrial", "man_made": null, "power": null, "product": null, "operator": null, "works": null }, "geometry": { "type": "Point", "coordinates": [ 72.3809123, 22.8086687 ] } },
{ "type": "Feature", "properties": { "osm_id": 871656250, "osm_type": "way", "latitude": 22.8098456, "longitude": 72.3798059, "name": null, "industrial": null, "landuse": "industrial", "man_made": null, "power": null, "product": null, "operator": null, "works": null }, "geometry": { "type": "Point", "coordinates": [ 72.3798059, 22.8098456 ] } },
{ "type": "Feature", "properties": { "osm_id": 871656251, "osm_type": "way", "latitude": 22.8071791, "longitude": 72.3817921, "name": null, "industrial": null, "landuse": "industrial", "man_made": null, "power": null, "product": null, "operator": null, "works": null }, "geometry": { "type": "Point", "coordinates": [ 72.3817921, 22.8071791 ] } },
{ "type": "Feature", "properties": { "osm_id": 871656252, "osm_type": "way", "latitude": 22.7822354, "longitude": 72.3241299, "name": null, "industrial": null, "landuse": "industrial", "man_made": null, "power": null, "product": null, "operator": null, "works": null }, "geometry": { "type": "Point", "coordinates": [ 72.3241299, 22.7822354 ] } },
{ "type": "Feature", "properties": { "osm_id": 871656253, "osm_type": "way", "latitude": 22.7824061, "longitude": 72.32299, "name": null, "industrial": null, "landuse": "industrial", "man_made": null, "power": null, "product": null, "operator": null, "works": null }, "geometry": { "type": "Point", "coordinates": [ 72.32299, 22.7824061 ] } },
{ "type": "Feature", "properties": { "osm_id": 871656254, "osm_type": "way", "latitude": 22.7800122, "longitude": 72.3221987, "name": null, "industrial": null, "landuse": "industrial", "man_made": null, "power": null, "product": null, "operator": null, "works": null }, "geometry": { "type": "Point", "coordinates": [ 72.3221987, 22.7800122 ] } },
{ "type": "Feature", "properties": { "osm_id": 871656255, "osm_type": "way", "latitude": 22.7754842, "longitude": 72.3250581, "name": null, "industrial": null, "landuse": null, "man_made": "works", "power": null, "product": null, "operator": null, "works": null }, "geometry": { "type": "Point", "coordinates": [ 72.3250581, 22.7754842 ] } },
{ "type": "Feature", "properties": { "osm_id": 871656256, "osm_type": "way", "latitude": 22.7744277, "longitude": 72.3290787, "name": null, "industrial": null, "landuse": null, "man_made": "works", "power": null, "product": null, "operator": null, "works": null }, "geometry": { "type": "Point", "coordinates": [ 72.3290787, 22.7744277 ] } },
{ "type": "Feature", "properties": { "osm_id": 871656257, "osm_type": "way", "latitude": 22.7674915, "longitude": 72.3395124, "name": null, "industrial": null, "landuse": null, "man_made": "works", "power": null, "product": null, "operator": null, "works": null }, "geometry": { "type": "Point", "coordinates": [ 72.3395124, 22.7674915 ] } },
{ "type": "Feature", "properties": { "osm_id": 871663110, "osm_type": "way", "latitude": 22.8428488, "longitude": 72.3646461, "name": null, "industrial": null, "landuse": "industrial", "man_made": null, "power": null, "product": null, "operator": null, "works": null }, "geometry": { "type": "Point", "coordinates": [ 72.3646461, 22.8428488 ] } },
{ "type": "Feature", "properties": { "osm_id": 871663111, "osm_type": "way", "latitude": 22.8475849, "longitude": 72.3653072, "name": null, "industrial": null, "landuse": "industrial", "man_made": null, "power": null, "product": null, "operator": null, "works": null }, "geometry": { "type": "Point", "coordinates": [ 72.3653072, 22.8475849 ] } },
{ "type": "Feature", "properties": { "osm_id": 871663112, "osm_type": "way", "latitude": 22.8548392, "longitude": 72.3635799, "name": null, "industrial": null, "landuse": "industrial", "man_made": null, "power": null, "product": null, "operator": null, "works": null }, "geometry": { "type": "Point", "coordinates": [ 72.3635799, 22.8548392 ] } },
{ "type": "Feature", "properties": { "osm_id": 871663113, "osm_type": "way", "latitude": 22.8647884, "longitude": 72.363152, "name": null, "industrial": null, "landuse": "industrial", "man_made": null, "power": null, "product": null, "operator": null, "works": null }, "geometry": { "type": "Point", "coordinates": [ 72.363152, 22.8647884 ] } },
{ "type": "Feature", "properties": { "osm_id": 871663114, "osm_type": "way", "latitude": 22.8805888, "longitude": 72.3564586, "name": null, "industrial": null, "landuse": "industrial", "man_made": null, "power": null, "product": null, "operator": null, "works": null }, "geometry": { "type": "Point", "coordinates": [ 72.3564586, 22.8805888 ] } },
{ "type": "Feature", "properties": { "osm_id": 871663115, "osm_type": "way", "latitude": 22.8676813, "longitude": 72.3928924, "name": null, "industrial": null, "landuse": "industrial", "man_made": null, "power": null, "product": null, "operator": null, "works": null }, "geometry": { "type": "Point", "coordinates": [ 72.3928924, 22.8676813 ] } },
{ "type": "Feature", "properties": { "osm_id": 871663117, "osm_type": "way", "latitude": 22.8666828, "longitude": 72.4097139, "name": null, "industrial": null, "landuse": "industrial", "man_made": null, "power": null, "product": null, "operator": null, "works": null }, "geometry": { "type": "Point", "coordinates": [ 72.4097139, 22.8666828 ] } },
{ "type": "Feature", "properties": { "osm_id": 871663118, "osm_type": "way", "latitude": 22.9146248, "longitude": 72.4434708, "name": null, "industrial": null, "landuse": null, "man_made": "works", "power": null, "product": null, "operator": null, "works": null }, "geometry": { "type": "Point", "coordinates": [ 72.4434708, 22.9146248 ] } },
{ "type": "Feature", "properties": { "osm_id": 871663119, "osm_type": "way", "latitude": 22.92057, "longitude": 72.4462658, "name": null, "industrial": null, "landuse": null, "man_made": "works", "power": null, "product": null, "operator": null, "works": null }, "geometry": { "type": "Point", "coordinates": [ 72.4462658, 22.92057 ] } },
{ "type": "Feature", "properties": { "osm_id": 871663120, "osm_type": "way", "latitude": 22.9207937, "longitude": 72.4482156, "name": null, "industrial": null, "landuse": null, "man_made": "works", "power": null, "product": null, "operator": null, "works": null }, "geometry": { "type": "Point", "coordinates": [ 72.4482156, 22.9207937 ] } },
{ "type": "Feature", "properties": { "osm_id": 871663121, "osm_type": "way", "latitude": 22.922975, "longitude": 72.4485267, "name": null, "industrial": null, "landuse": null, "man_made": "works", "power": null, "product": null, "operator": null, "works": null }, "geometry": { "type": "Point", "coordinates": [ 72.4485267, 22.922975 ] } },
{ "type": "Feature", "properties": { "osm_id": 871663122, "osm_type": "way", "latitude": 22.9098449, "longitude": 72.4347601, "name": null, "industrial": null, "landuse": "industrial", "man_made": null, "power": null, "product": null, "operator": null, "works": null }, "geometry": { "type": "Point", "coordinates": [ 72.4347601, 22.9098449 ] } },
{ "type": "Feature", "properties": { "osm_id": 871663123, "osm_type": "way", "latitude": 22.916259, "longitude": 72.4475745, "name": null, "industrial": null, "landuse": "industrial", "man_made": null, "power": null, "product": null, "operator": null, "works": null }, "geometry": { "type": "Point", "coordinates": [ 72.4475745, 22.916259 ] } },
{ "type": "Feature", "properties": { "osm_id": 871663124, "osm_type": "way", "latitude": 22.91671, "longitude": 72.4499685, "name": null, "industrial": null, "landuse": null, "man_made": "works", "power": null, "product": null, "operator": null, "works": null }, "geometry": { "type": "Point", "coordinates": [ 72.4499685, 22.91671 ] } },
{ "type": "Feature", "properties": { "osm_id": 871663125, "osm_type": "way", "latitude": 22.9210653, "longitude": 72.4446443, "name": null, "industrial": null, "landuse": null, "man_made": "works", "power": null, "product": null, "operator": null, "works": null }, "geometry": { "type": "Point", "coordinates": [ 72.4446443, 22.9210653 ] } },
{ "type": "Feature", "properties": { "osm_id": 871663126, "osm_type": "way", "latitude": 22.9248809, "longitude": 72.4525421, "name": null, "industrial": null, "landuse": null, "man_made": "works", "power": null, "product": null, "operator": null, "works": null }, "geometry": { "type": "Point", "coordinates": [ 72.4525421, 22.9248809 ] } },
{ "type": "Feature", "properties": { "osm_id": 871663127, "osm_type": "way", "latitude": 22.9294238, "longitude": 72.456851, "name": null, "industrial": null, "landuse": null, "man_made": "works", "power": null, "product": null, "operator": null, "works": null }, "geometry": { "type": "Point", "coordinates": [ 72.456851, 22.9294238 ] } },
{ "type": "Feature", "properties": { "osm_id": 871663128, "osm_type": "way", "latitude": 22.9293225, "longitude": 72.4579534, "name": null, "industrial": null, "landuse": null, "man_made": "works", "power": null, "product": null, "operator": null, "works": null }, "geometry": { "type": "Point", "coordinates": [ 72.4579534, 22.9293225 ] } },
{ "type": "Feature", "properties": { "osm_id": 871663129, "osm_type": "way", "latitude": 22.9285956, "longitude": 72.4578394, "name": null, "industrial": null, "landuse": null, "man_made": "works", "power": null, "product": null, "operator": null, "works": null }, "geometry": { "type": "Point", "coordinates": [ 72.4578394, 22.9285956 ] } },
{ "type": "Feature", "properties": { "osm_id": 871663130, "osm_type": "way", "latitude": 22.9353116, "longitude": 72.4482293, "name": null, "industrial": null, "landuse": null, "man_made": "works", "power": null, "product": null, "operator": null, "works": null }, "geometry": { "type": "Point", "coordinates": [ 72.4482293, 22.9353116 ] } },
{ "type": "Feature", "properties": { "osm_id": 871663131, "osm_type": "way", "latitude": 22.934715, "longitude": 72.4481345, "name": null, "industrial": null, "landuse": "industrial", "man_made": null, "power": null, "product": null, "operator": null, "works": null }, "geometry": { "type": "Point", "coordinates": [ 72.4481345, 22.934715 ] } },
{ "type": "Feature", "properties": { "osm_id": 871663132, "osm_type": "way", "latitude": 22.9344604, "longitude": 72.454403, "name": null, "industrial": null, "landuse": null, "man_made": "works", "power": null, "product": null, "operator": null, "works": null }, "geometry": { "type": "Point", "coordinates": [ 72.454403, 22.9344604 ] } },
{ "type": "Feature", "properties": { "osm_id": 871663133, "osm_type": "way", "latitude": 22.9352906, "longitude": 72.4607389, "name": null, "industrial": null, "landuse": null, "man_made": "works", "power": null, "product": null, "operator": null, "works": null }, "geometry": { "type": "Point", "coordinates": [ 72.4607389, 22.9352906 ] } },
{ "type": "Feature", "properties": { "osm_id": 871663134, "osm_type": "way", "latitude": 22.9363058, "longitude": 72.4604344, "name": null, "industrial": null, "landuse": null, "man_made": "works", "power": null, "product": null, "operator": null, "works": null }, "geometry": { "type": "Point", "coordinates": [ 72.4604344, 22.9363058 ] } },
{ "type": "Feature", "properties": { "osm_id": 871663135, "osm_type": "way", "latitude": 22.9336875, "longitude": 72.4606102, "name": null, "industrial": null, "landuse": null, "man_made": "works", "power": null, "product": null, "operator": null, "works": null }, "geometry": { "type": "Point", "coordinates": [ 72.4606102, 22.9336875 ] } },
{ "type": "Feature", "properties": { "osm_id": 871663136, "osm_type": "way", "latitude": 22.9368733, "longitude": 72.4577048, "name": null, "industrial": null, "landuse": "industrial", "man_made": null, "power": null, "product": null, "operator": null, "works": null }, "geometry": { "type": "Point", "coordinates": [ 72.4577048, 22.9368733 ] } },
{ "type": "Feature", "properties": { "osm_id": 871663137, "osm_type": "way", "latitude": 22.9429825, "longitude": 72.4564259, "name": null, "industrial": null, "landuse": null, "man_made": "works", "power": null, "product": null, "operator": null, "works": null }, "geometry": { "type": "Point", "coordinates": [ 72.4564259, 22.9429825 ] } },
{ "type": "Feature", "properties": { "osm_id": 871663138, "osm_type": "way", "latitude": 22.9476297, "longitude": 72.4658579, "name": null, "industrial": null, "landuse": "industrial", "man_made": null, "power": null, "product": null, "operator": null, "works": null }, "geometry": { "type": "Point", "coordinates": [ 72.4658579, 22.9476297 ] } },
{ "type": "Feature", "properties": { "osm_id": 908926064, "osm_type": "way", "latitude": 23.0839031, "longitude": 72.302738, "name": null, "industrial": null, "landuse": null, "man_made": null, "power": "generator", "product": null, "operator": null, "works": null }, "geometry": { "type": "Point", "coordinates": [ 72.302738, 23.0839031 ] } },
{ "type": "Feature", "properties": { "osm_id": 908926065, "osm_type": "way", "latitude": 23.0831813, "longitude": 72.3022941, "name": null, "industrial": null, "landuse": null, "man_made": null, "power": "generator", "product": null, "operator": null, "works": null }, "geometry": { "type": "Point", "coordinates": [ 72.3022941, 23.0831813 ] } },
{ "type": "Feature", "properties": { "osm_id": 908926066, "osm_type": "way", "latitude": 23.0824404, "longitude": 72.3018388, "name": null, "industrial": null, "landuse": null, "man_made": null, "power": "generator", "product": null, "operator": null, "works": null }, "geometry": { "type": "Point", "coordinates": [ 72.3018388, 23.0824404 ] } },
{ "type": "Feature", "properties": { "osm_id": 908926067, "osm_type": "way", "latitude": 23.081691, "longitude": 72.3013888, "name": null, "industrial": null, "landuse": null, "man_made": null, "power": "generator", "product": null, "operator": null, "works": null }, "geometry": { "type": "Point", "coordinates": [ 72.3013888, 23.081691 ] } },
{ "type": "Feature", "properties": { "osm_id": 908926068, "osm_type": "way", "latitude": 23.0809655, "longitude": 72.3009496, "name": null, "industrial": null, "landuse": null, "man_made": null, "power": "generator", "product": null, "operator": null, "works": null }, "geometry": { "type": "Point", "coordinates": [ 72.3009496, 23.0809655 ] } },
{ "type": "Feature", "properties": { "osm_id": 908926069, "osm_type": "way", "latitude": 23.0802457, "longitude": 72.3005105, "name": null, "industrial": null, "landuse": null, "man_made": null, "power": "generator", "product": null, "operator": null, "works": null }, "geometry": { "type": "Point", "coordinates": [ 72.3005105, 23.0802457 ] } },
{ "type": "Feature", "properties": { "osm_id": 908926070, "osm_type": "way", "latitude": 23.0795177, "longitude": 72.3000672, "name": null, "industrial": null, "landuse": null, "man_made": null, "power": "generator", "product": null, "operator": null, "works": null }, "geometry": { "type": "Point", "coordinates": [ 72.3000672, 23.0795177 ] } },
{ "type": "Feature", "properties": { "osm_id": 908926071, "osm_type": "way", "latitude": 23.0787901, "longitude": 72.2996323, "name": null, "industrial": null, "landuse": null, "man_made": null, "power": "generator", "product": null, "operator": null, "works": null }, "geometry": { "type": "Point", "coordinates": [ 72.2996323, 23.0787901 ] } },
{ "type": "Feature", "properties": { "osm_id": 919935094, "osm_type": "way", "latitude": 23.1504571, "longitude": 72.4347013, "name": null, "industrial": null, "landuse": "industrial", "man_made": null, "power": null, "product": null, "operator": null, "works": null }, "geometry": { "type": "Point", "coordinates": [ 72.4347013, 23.1504571 ] } },
{ "type": "Feature", "properties": { "osm_id": 919935095, "osm_type": "way", "latitude": 23.151246, "longitude": 72.4313861, "name": null, "industrial": null, "landuse": "industrial", "man_made": null, "power": null, "product": null, "operator": null, "works": null }, "geometry": { "type": "Point", "coordinates": [ 72.4313861, 23.151246 ] } },
{ "type": "Feature", "properties": { "osm_id": 919935096, "osm_type": "way", "latitude": 23.1559132, "longitude": 72.4478978, "name": null, "industrial": null, "landuse": "industrial", "man_made": null, "power": null, "product": null, "operator": null, "works": null }, "geometry": { "type": "Point", "coordinates": [ 72.4478978, 23.1559132 ] } },
{ "type": "Feature", "properties": { "osm_id": 919935106, "osm_type": "way", "latitude": 23.2486978, "longitude": 72.6363087, "name": null, "industrial": null, "landuse": null, "man_made": "works", "power": null, "product": null, "operator": null, "works": null }, "geometry": { "type": "Point", "coordinates": [ 72.6363087, 23.2486978 ] } },
{ "type": "Feature", "properties": { "osm_id": 919935107, "osm_type": "way", "latitude": 23.2447137, "longitude": 72.6277101, "name": null, "industrial": null, "landuse": null, "man_made": "works", "power": null, "product": null, "operator": null, "works": null }, "geometry": { "type": "Point", "coordinates": [ 72.6277101, 23.2447137 ] } },
{ "type": "Feature", "properties": { "osm_id": 920032691, "osm_type": "way", "latitude": 23.1292977, "longitude": 72.4729617, "name": null, "industrial": null, "landuse": "industrial", "man_made": null, "power": null, "product": null, "operator": null, "works": null }, "geometry": { "type": "Point", "coordinates": [ 72.4729617, 23.1292977 ] } },
{ "type": "Feature", "properties": { "osm_id": 920032692, "osm_type": "way", "latitude": 23.1142449, "longitude": 72.4727397, "name": null, "industrial": null, "landuse": "industrial", "man_made": null, "power": null, "product": null, "operator": null, "works": null }, "geometry": { "type": "Point", "coordinates": [ 72.4727397, 23.1142449 ] } },
{ "type": "Feature", "properties": { "osm_id": 920032693, "osm_type": "way", "latitude": 23.1158834, "longitude": 72.4704243, "name": null, "industrial": null, "landuse": "industrial", "man_made": null, "power": null, "product": null, "operator": null, "works": null }, "geometry": { "type": "Point", "coordinates": [ 72.4704243, 23.1158834 ] } },
{ "type": "Feature", "properties": { "osm_id": 920032694, "osm_type": "way", "latitude": 23.1162154, "longitude": 72.4691863, "name": null, "industrial": null, "landuse": "industrial", "man_made": null, "power": null, "product": null, "operator": null, "works": null }, "geometry": { "type": "Point", "coordinates": [ 72.4691863, 23.1162154 ] } },
{ "type": "Feature", "properties": { "osm_id": 920032695, "osm_type": "way", "latitude": 23.1115763, "longitude": 72.462776, "name": null, "industrial": null, "landuse": "industrial", "man_made": null, "power": null, "product": null, "operator": null, "works": null }, "geometry": { "type": "Point", "coordinates": [ 72.462776, 23.1115763 ] } },
{ "type": "Feature", "properties": { "osm_id": 920032696, "osm_type": "way", "latitude": 23.1071727, "longitude": 72.4598671, "name": null, "industrial": null, "landuse": "industrial", "man_made": null, "power": null, "product": null, "operator": null, "works": null }, "geometry": { "type": "Point", "coordinates": [ 72.4598671, 23.1071727 ] } },
{ "type": "Feature", "properties": { "osm_id": 920032697, "osm_type": "way", "latitude": 23.0528725, "longitude": 72.4429035, "name": null, "industrial": null, "landuse": "industrial", "man_made": null, "power": null, "product": null, "operator": null, "works": null }, "geometry": { "type": "Point", "coordinates": [ 72.4429035, 23.0528725 ] } },
{ "type": "Feature", "properties": { "osm_id": 920034351, "osm_type": "way", "latitude": 23.1477462, "longitude": 72.4577307, "name": null, "industrial": null, "landuse": null, "man_made": "works", "power": null, "product": null, "operator": null, "works": null }, "geometry": { "type": "Point", "coordinates": [ 72.4577307, 23.1477462 ] } },
{ "type": "Feature", "properties": { "osm_id": 920034352, "osm_type": "way", "latitude": 23.1476797, "longitude": 72.4567192, "name": null, "industrial": null, "landuse": null, "man_made": "works", "power": null, "product": null, "operator": null, "works": null }, "geometry": { "type": "Point", "coordinates": [ 72.4567192, 23.1476797 ] } },
{ "type": "Feature", "properties": { "osm_id": 920034353, "osm_type": "way", "latitude": 23.1486355, "longitude": 72.4576307, "name": null, "industrial": null, "landuse": null, "man_made": "works", "power": null, "product": null, "operator": null, "works": null }, "geometry": { "type": "Point", "coordinates": [ 72.4576307, 23.1486355 ] } },
{ "type": "Feature", "properties": { "osm_id": 920034354, "osm_type": "way", "latitude": 23.1487159, "longitude": 72.4536203, "name": null, "industrial": null, "landuse": null, "man_made": "works", "power": null, "product": null, "operator": null, "works": null }, "geometry": { "type": "Point", "coordinates": [ 72.4536203, 23.1487159 ] } },
{ "type": "Feature", "properties": { "osm_id": 920034355, "osm_type": "way", "latitude": 23.1453828, "longitude": 72.4484571, "name": null, "industrial": null, "landuse": null, "man_made": "works", "power": null, "product": null, "operator": null, "works": null }, "geometry": { "type": "Point", "coordinates": [ 72.4484571, 23.1453828 ] } },
{ "type": "Feature", "properties": { "osm_id": 920034356, "osm_type": "way", "latitude": 23.14053, "longitude": 72.4535854, "name": null, "industrial": null, "landuse": "industrial", "man_made": null, "power": null, "product": null, "operator": null, "works": null }, "geometry": { "type": "Point", "coordinates": [ 72.4535854, 23.14053 ] } },
{ "type": "Feature", "properties": { "osm_id": 920034357, "osm_type": "way", "latitude": 23.1369032, "longitude": 72.4734525, "name": null, "industrial": null, "landuse": "industrial", "man_made": null, "power": null, "product": null, "operator": null, "works": null }, "geometry": { "type": "Point", "coordinates": [ 72.4734525, 23.1369032 ] } },
{ "type": "Feature", "properties": { "osm_id": 920034358, "osm_type": "way", "latitude": 23.1354604, "longitude": 72.4740614, "name": null, "industrial": null, "landuse": "industrial", "man_made": null, "power": null, "product": null, "operator": null, "works": null }, "geometry": { "type": "Point", "coordinates": [ 72.4740614, 23.1354604 ] } },
{ "type": "Feature", "properties": { "osm_id": 920034359, "osm_type": "way", "latitude": 23.1216324, "longitude": 72.4614181, "name": null, "industrial": null, "landuse": "industrial", "man_made": null, "power": null, "product": null, "operator": null, "works": null }, "geometry": { "type": "Point", "coordinates": [ 72.4614181, 23.1216324 ] } },
{ "type": "Feature", "properties": { "osm_id": 920034360, "osm_type": "way", "latitude": 23.1235405, "longitude": 72.4745808, "name": null, "industrial": null, "landuse": "industrial", "man_made": null, "power": null, "product": null, "operator": null, "works": null }, "geometry": { "type": "Point", "coordinates": [ 72.4745808, 23.1235405 ] } },
{ "type": "Feature", "properties": { "osm_id": 920034361, "osm_type": "way", "latitude": 23.1312944, "longitude": 72.474972, "name": null, "industrial": null, "landuse": "industrial", "man_made": null, "power": null, "product": null, "operator": null, "works": null }, "geometry": { "type": "Point", "coordinates": [ 72.474972, 23.1312944 ] } },
{ "type": "Feature", "properties": { "osm_id": 920036328, "osm_type": "way", "latitude": 23.0202476, "longitude": 72.2783429, "name": null, "industrial": null, "landuse": null, "man_made": "works", "power": null, "product": null, "operator": null, "works": null }, "geometry": { "type": "Point", "coordinates": [ 72.2783429, 23.0202476 ] } },
{ "type": "Feature", "properties": { "osm_id": 920036329, "osm_type": "way", "latitude": 23.0281419, "longitude": 72.2725478, "name": null, "industrial": null, "landuse": null, "man_made": "works", "power": null, "product": null, "operator": null, "works": null }, "geometry": { "type": "Point", "coordinates": [ 72.2725478, 23.0281419 ] } },
{ "type": "Feature", "properties": { "osm_id": 920036330, "osm_type": "way", "latitude": 23.0295465, "longitude": 72.2762666, "name": null, "industrial": null, "landuse": null, "man_made": "works", "power": null, "product": null, "operator": null, "works": null }, "geometry": { "type": "Point", "coordinates": [ 72.2762666, 23.0295465 ] } },
{ "type": "Feature", "properties": { "osm_id": 920036331, "osm_type": "way", "latitude": 23.0276323, "longitude": 72.2761881, "name": null, "industrial": null, "landuse": null, "man_made": "works", "power": null, "product": null, "operator": null, "works": null }, "geometry": { "type": "Point", "coordinates": [ 72.2761881, 23.0276323 ] } },
{ "type": "Feature", "properties": { "osm_id": 920036332, "osm_type": "way", "latitude": 23.0252273, "longitude": 72.2817624, "name": null, "industrial": null, "landuse": null, "man_made": "works", "power": null, "product": null, "operator": null, "works": null }, "geometry": { "type": "Point", "coordinates": [ 72.2817624, 23.0252273 ] } },
{ "type": "Feature", "properties": { "osm_id": 920036333, "osm_type": "way", "latitude": 23.0277526, "longitude": 72.2821426, "name": null, "industrial": null, "landuse": null, "man_made": "works", "power": null, "product": null, "operator": null, "works": null }, "geometry": { "type": "Point", "coordinates": [ 72.2821426, 23.0277526 ] } },
{ "type": "Feature", "properties": { "osm_id": 920036334, "osm_type": "way", "latitude": 23.0292406, "longitude": 72.2809378, "name": null, "industrial": null, "landuse": null, "man_made": "works", "power": null, "product": null, "operator": null, "works": null }, "geometry": { "type": "Point", "coordinates": [ 72.2809378, 23.0292406 ] } },
{ "type": "Feature", "properties": { "osm_id": 920036335, "osm_type": "way", "latitude": 23.029294, "longitude": 72.2801307, "name": null, "industrial": null, "landuse": null, "man_made": "works", "power": null, "product": null, "operator": null, "works": null }, "geometry": { "type": "Point", "coordinates": [ 72.2801307, 23.029294 ] } },
{ "type": "Feature", "properties": { "osm_id": 920036336, "osm_type": "way", "latitude": 23.0221861, "longitude": 72.2777171, "name": null, "industrial": null, "landuse": null, "man_made": "works", "power": null, "product": null, "operator": null, "works": null }, "geometry": { "type": "Point", "coordinates": [ 72.2777171, 23.0221861 ] } },
{ "type": "Feature", "properties": { "osm_id": 920036337, "osm_type": "way", "latitude": 23.0217477, "longitude": 72.2795493, "name": null, "industrial": null, "landuse": null, "man_made": "works", "power": null, "product": null, "operator": null, "works": null }, "geometry": { "type": "Point", "coordinates": [ 72.2795493, 23.0217477 ] } },
{ "type": "Feature", "properties": { "osm_id": 920036338, "osm_type": "way", "latitude": 23.0227026, "longitude": 72.2819294, "name": null, "industrial": null, "landuse": null, "man_made": "works", "power": null, "product": null, "operator": null, "works": null }, "geometry": { "type": "Point", "coordinates": [ 72.2819294, 23.0227026 ] } },
{ "type": "Feature", "properties": { "osm_id": 920036339, "osm_type": "way", "latitude": 23.0257225, "longitude": 72.2743058, "name": null, "industrial": null, "landuse": null, "man_made": "works", "power": null, "product": null, "operator": null, "works": null }, "geometry": { "type": "Point", "coordinates": [ 72.2743058, 23.0257225 ] } },
{ "type": "Feature", "properties": { "osm_id": 920036340, "osm_type": "way", "latitude": 23.0245756, "longitude": 72.2741725, "name": null, "industrial": null, "landuse": null, "man_made": "works", "power": null, "product": null, "operator": null, "works": null }, "geometry": { "type": "Point", "coordinates": [ 72.2741725, 23.0245756 ] } },
{ "type": "Feature", "properties": { "osm_id": 920036341, "osm_type": "way", "latitude": 23.0216564, "longitude": 72.2739856, "name": null, "industrial": null, "landuse": null, "man_made": "works", "power": null, "product": null, "operator": null, "works": null }, "geometry": { "type": "Point", "coordinates": [ 72.2739856, 23.0216564 ] } },
{ "type": "Feature", "properties": { "osm_id": 920036342, "osm_type": "way", "latitude": 23.022959, "longitude": 72.2740807, "name": null, "industrial": null, "landuse": null, "man_made": "works", "power": null, "product": null, "operator": null, "works": null }, "geometry": { "type": "Point", "coordinates": [ 72.2740807, 23.022959 ] } },
{ "type": "Feature", "properties": { "osm_id": 920036343, "osm_type": "way", "latitude": 23.0251085, "longitude": 72.2769824, "name": "Tata Motors", "industrial": null, "landuse": "industrial", "man_made": null, "power": null, "product": null, "operator": null, "works": null }, "geometry": { "type": "Point", "coordinates": [ 72.2769824, 23.0251085 ] } },
{ "type": "Feature", "properties": { "osm_id": 920036344, "osm_type": "way", "latitude": 23.0308708, "longitude": 72.268509, "name": null, "industrial": null, "landuse": "industrial", "man_made": null, "power": null, "product": null, "operator": null, "works": null }, "geometry": { "type": "Point", "coordinates": [ 72.268509, 23.0308708 ] } },
{ "type": "Feature", "properties": { "osm_id": 920036345, "osm_type": "way", "latitude": 23.0483177, "longitude": 72.3671224, "name": null, "industrial": null, "landuse": "industrial", "man_made": null, "power": null, "product": null, "operator": null, "works": null }, "geometry": { "type": "Point", "coordinates": [ 72.3671224, 23.0483177 ] } },
{ "type": "Feature", "properties": { "osm_id": 920036346, "osm_type": "way", "latitude": 23.0268836, "longitude": 72.3757047, "name": null, "industrial": null, "landuse": "industrial", "man_made": null, "power": null, "product": null, "operator": null, "works": null }, "geometry": { "type": "Point", "coordinates": [ 72.3757047, 23.0268836 ] } },
{ "type": "Feature", "properties": { "osm_id": 920066753, "osm_type": "way", "latitude": 22.9921165, "longitude": 72.2914332, "name": null, "industrial": null, "landuse": "industrial", "man_made": null, "power": null, "product": null, "operator": null, "works": null }, "geometry": { "type": "Point", "coordinates": [ 72.2914332, 22.9921165 ] } },
{ "type": "Feature", "properties": { "osm_id": 920066755, "osm_type": "way", "latitude": 22.9861985, "longitude": 72.2566857, "name": null, "industrial": null, "landuse": "industrial", "man_made": null, "power": null, "product": null, "operator": null, "works": null }, "geometry": { "type": "Point", "coordinates": [ 72.2566857, 22.9861985 ] } },
{ "type": "Feature", "properties": { "osm_id": 920066756, "osm_type": "way", "latitude": 22.9883147, "longitude": 72.2519973, "name": null, "industrial": null, "landuse": "industrial", "man_made": null, "power": null, "product": null, "operator": null, "works": null }, "geometry": { "type": "Point", "coordinates": [ 72.2519973, 22.9883147 ] } },
{ "type": "Feature", "properties": { "osm_id": 920066762, "osm_type": "way", "latitude": 22.9928928, "longitude": 72.2506986, "name": null, "industrial": null, "landuse": "industrial", "man_made": null, "power": null, "product": null, "operator": null, "works": null }, "geometry": { "type": "Point", "coordinates": [ 72.2506986, 22.9928928 ] } },
{ "type": "Feature", "properties": { "osm_id": 920066763, "osm_type": "way", "latitude": 22.9922679, "longitude": 72.2530474, "name": null, "industrial": null, "landuse": "industrial", "man_made": null, "power": null, "product": null, "operator": null, "works": null }, "geometry": { "type": "Point", "coordinates": [ 72.2530474, 22.9922679 ] } },
{ "type": "Feature", "properties": { "osm_id": 920066764, "osm_type": "way", "latitude": 22.9917949, "longitude": 72.2569804, "name": null, "industrial": null, "landuse": "industrial", "man_made": null, "power": null, "product": null, "operator": null, "works": null }, "geometry": { "type": "Point", "coordinates": [ 72.2569804, 22.9917949 ] } },
{ "type": "Feature", "properties": { "osm_id": 920066765, "osm_type": "way", "latitude": 22.9945022, "longitude": 72.2587047, "name": null, "industrial": null, "landuse": "industrial", "man_made": null, "power": null, "product": null, "operator": null, "works": null }, "geometry": { "type": "Point", "coordinates": [ 72.2587047, 22.9945022 ] } },
{ "type": "Feature", "properties": { "osm_id": 920066766, "osm_type": "way", "latitude": 22.9960127, "longitude": 72.258123, "name": null, "industrial": null, "landuse": "industrial", "man_made": null, "power": null, "product": null, "operator": null, "works": null }, "geometry": { "type": "Point", "coordinates": [ 72.258123, 22.9960127 ] } },
{ "type": "Feature", "properties": { "osm_id": 920066767, "osm_type": "way", "latitude": 22.9958549, "longitude": 72.2550435, "name": null, "industrial": null, "landuse": "industrial", "man_made": null, "power": null, "product": null, "operator": null, "works": null }, "geometry": { "type": "Point", "coordinates": [ 72.2550435, 22.9958549 ] } },
{ "type": "Feature", "properties": { "osm_id": 920066768, "osm_type": "way", "latitude": 23.0284864, "longitude": 72.2854984, "name": null, "industrial": null, "landuse": "industrial", "man_made": null, "power": null, "product": null, "operator": null, "works": null }, "geometry": { "type": "Point", "coordinates": [ 72.2854984, 23.0284864 ] } },
{ "type": "Feature", "properties": { "osm_id": 920066769, "osm_type": "way", "latitude": 23.0293392, "longitude": 72.2854585, "name": null, "industrial": null, "landuse": "industrial", "man_made": null, "power": null, "product": null, "operator": null, "works": null }, "geometry": { "type": "Point", "coordinates": [ 72.2854585, 23.0293392 ] } },
{ "type": "Feature", "properties": { "osm_id": 920069479, "osm_type": "way", "latitude": 22.7724484, "longitude": 72.3485836, "name": null, "industrial": null, "landuse": "industrial", "man_made": null, "power": null, "product": null, "operator": null, "works": null }, "geometry": { "type": "Point", "coordinates": [ 72.3485836, 22.7724484 ] } },
{ "type": "Feature", "properties": { "osm_id": 920069480, "osm_type": "way", "latitude": 22.7593364, "longitude": 72.3333152, "name": null, "industrial": null, "landuse": "industrial", "man_made": null, "power": null, "product": null, "operator": null, "works": null }, "geometry": { "type": "Point", "coordinates": [ 72.3333152, 22.7593364 ] } },
{ "type": "Feature", "properties": { "osm_id": 920069481, "osm_type": "way", "latitude": 22.7934732, "longitude": 72.338756, "name": null, "industrial": null, "landuse": "industrial", "man_made": null, "power": null, "product": null, "operator": null, "works": null }, "geometry": { "type": "Point", "coordinates": [ 72.338756, 22.7934732 ] } },
{ "type": "Feature", "properties": { "osm_id": 920069485, "osm_type": "way", "latitude": 22.9791643, "longitude": 72.2897553, "name": null, "industrial": null, "landuse": null, "man_made": "works", "power": null, "product": null, "operator": null, "works": null }, "geometry": { "type": "Point", "coordinates": [ 72.2897553, 22.9791643 ] } },
{ "type": "Feature", "properties": { "osm_id": 920069486, "osm_type": "way", "latitude": 22.9810342, "longitude": 72.2900389, "name": null, "industrial": null, "landuse": null, "man_made": "works", "power": null, "product": null, "operator": null, "works": null }, "geometry": { "type": "Point", "coordinates": [ 72.2900389, 22.9810342 ] } },
{ "type": "Feature", "properties": { "osm_id": 920069487, "osm_type": "way", "latitude": 22.9831417, "longitude": 72.290285, "name": null, "industrial": null, "landuse": null, "man_made": "works", "power": null, "product": null, "operator": null, "works": null }, "geometry": { "type": "Point", "coordinates": [ 72.290285, 22.9831417 ] } },
{ "type": "Feature", "properties": { "osm_id": 920069488, "osm_type": "way", "latitude": 22.9737555, "longitude": 72.2535569, "name": null, "industrial": null, "landuse": "industrial", "man_made": null, "power": null, "product": null, "operator": null, "works": null }, "geometry": { "type": "Point", "coordinates": [ 72.2535569, 22.9737555 ] } },
{ "type": "Feature", "properties": { "osm_id": 920069490, "osm_type": "way", "latitude": 22.9764656, "longitude": 72.2528242, "name": null, "industrial": null, "landuse": "industrial", "man_made": null, "power": null, "product": null, "operator": null, "works": null }, "geometry": { "type": "Point", "coordinates": [ 72.2528242, 22.9764656 ] } },
{ "type": "Feature", "properties": { "osm_id": 920069491, "osm_type": "way", "latitude": 22.9789199, "longitude": 72.2528487, "name": null, "industrial": null, "landuse": "industrial", "man_made": null, "power": null, "product": null, "operator": null, "works": null }, "geometry": { "type": "Point", "coordinates": [ 72.2528487, 22.9789199 ] } },
{ "type": "Feature", "properties": { "osm_id": 920069492, "osm_type": "way", "latitude": 22.9784948, "longitude": 72.2599332, "name": null, "industrial": null, "landuse": "industrial", "man_made": null, "power": null, "product": null, "operator": null, "works": null }, "geometry": { "type": "Point", "coordinates": [ 72.2599332, 22.9784948 ] } },
{ "type": "Feature", "properties": { "osm_id": 920069494, "osm_type": "way", "latitude": 22.9791356, "longitude": 72.2782056, "name": null, "industrial": null, "landuse": "industrial", "man_made": null, "power": null, "product": null, "operator": null, "works": null }, "geometry": { "type": "Point", "coordinates": [ 72.2782056, 22.9791356 ] } },
{ "type": "Feature", "properties": { "osm_id": 920069496, "osm_type": "way", "latitude": 22.986374, "longitude": 72.2509939, "name": null, "industrial": null, "landuse": "industrial", "man_made": null, "power": null, "product": null, "operator": null, "works": null }, "geometry": { "type": "Point", "coordinates": [ 72.2509939, 22.986374 ] } },
{ "type": "Feature", "properties": { "osm_id": 920069497, "osm_type": "way", "latitude": 22.9839737, "longitude": 72.2520751, "name": null, "industrial": null, "landuse": "industrial", "man_made": null, "power": null, "product": null, "operator": null, "works": null }, "geometry": { "type": "Point", "coordinates": [ 72.2520751, 22.9839737 ] } },
{ "type": "Feature", "properties": { "osm_id": 920078105, "osm_type": "way", "latitude": 23.1519023, "longitude": 72.4413683, "name": null, "industrial": null, "landuse": null, "man_made": "works", "power": null, "product": null, "operator": null, "works": null }, "geometry": { "type": "Point", "coordinates": [ 72.4413683, 23.1519023 ] } },
{ "type": "Feature", "properties": { "osm_id": 920078107, "osm_type": "way", "latitude": 23.1515052, "longitude": 72.4416885, "name": null, "industrial": null, "landuse": null, "man_made": "works", "power": null, "product": null, "operator": null, "works": null }, "geometry": { "type": "Point", "coordinates": [ 72.4416885, 23.1515052 ] } },
{ "type": "Feature", "properties": { "osm_id": 920078108, "osm_type": "way", "latitude": 23.1527679, "longitude": 72.4399638, "name": null, "industrial": null, "landuse": null, "man_made": "works", "power": null, "product": null, "operator": null, "works": null }, "geometry": { "type": "Point", "coordinates": [ 72.4399638, 23.1527679 ] } },
{ "type": "Feature", "properties": { "osm_id": 920078109, "osm_type": "way", "latitude": 23.1546151, "longitude": 72.4490244, "name": null, "industrial": null, "landuse": null, "man_made": "works", "power": null, "product": null, "operator": null, "works": null }, "geometry": { "type": "Point", "coordinates": [ 72.4490244, 23.1546151 ] } },
{ "type": "Feature", "properties": { "osm_id": 920078110, "osm_type": "way", "latitude": 23.1580867, "longitude": 72.446318, "name": null, "industrial": null, "landuse": null, "man_made": "works", "power": null, "product": null, "operator": null, "works": null }, "geometry": { "type": "Point", "coordinates": [ 72.446318, 23.1580867 ] } },
{ "type": "Feature", "properties": { "osm_id": 920078111, "osm_type": "way", "latitude": 23.1590981, "longitude": 72.4496721, "name": null, "industrial": null, "landuse": null, "man_made": "works", "power": null, "product": null, "operator": null, "works": null }, "geometry": { "type": "Point", "coordinates": [ 72.4496721, 23.1590981 ] } },
{ "type": "Feature", "properties": { "osm_id": 920078112, "osm_type": "way", "latitude": 23.1622603, "longitude": 72.4460854, "name": null, "industrial": null, "landuse": null, "man_made": "works", "power": null, "product": null, "operator": null, "works": null }, "geometry": { "type": "Point", "coordinates": [ 72.4460854, 23.1622603 ] } },
{ "type": "Feature", "properties": { "osm_id": 920078113, "osm_type": "way", "latitude": 23.1648896, "longitude": 72.4445128, "name": null, "industrial": null, "landuse": null, "man_made": "works", "power": null, "product": null, "operator": null, "works": null }, "geometry": { "type": "Point", "coordinates": [ 72.4445128, 23.1648896 ] } },
{ "type": "Feature", "properties": { "osm_id": 920078114, "osm_type": "way", "latitude": 23.1662226, "longitude": 72.4450774, "name": null, "industrial": null, "landuse": null, "man_made": "works", "power": null, "product": null, "operator": null, "works": null }, "geometry": { "type": "Point", "coordinates": [ 72.4450774, 23.1662226 ] } },
{ "type": "Feature", "properties": { "osm_id": 920078115, "osm_type": "way", "latitude": 23.1633845, "longitude": 72.4411816, "name": null, "industrial": null, "landuse": null, "man_made": "works", "power": null, "product": null, "operator": null, "works": null }, "geometry": { "type": "Point", "coordinates": [ 72.4411816, 23.1633845 ] } },
{ "type": "Feature", "properties": { "osm_id": 973430690, "osm_type": "way", "latitude": 23.2435023, "longitude": 72.3388481, "name": "Shiyapura Hydro Power Plant No.1", "industrial": null, "landuse": "industrial", "man_made": null, "power": "plant", "product": null, "operator": null, "works": null }, "geometry": { "type": "Point", "coordinates": [ 72.3388481, 23.2435023 ] } },
{ "type": "Feature", "properties": { "osm_id": 976280307, "osm_type": "way", "latitude": 23.0149099, "longitude": 72.3578878, "name": null, "industrial": null, "landuse": "industrial", "man_made": null, "power": "plant", "product": null, "operator": null, "works": null }, "geometry": { "type": "Point", "coordinates": [ 72.3578878, 23.0149099 ] } },
{ "type": "Feature", "properties": { "osm_id": 1003080743, "osm_type": "way", "latitude": 23.1440275, "longitude": 72.4548876, "name": null, "industrial": null, "landuse": null, "man_made": null, "power": "generator", "product": null, "operator": null, "works": null }, "geometry": { "type": "Point", "coordinates": [ 72.4548876, 23.1440275 ] } },
{ "type": "Feature", "properties": { "osm_id": 1003080744, "osm_type": "way", "latitude": 23.1429818, "longitude": 72.4534499, "name": null, "industrial": null, "landuse": null, "man_made": null, "power": "generator", "product": null, "operator": null, "works": null }, "geometry": { "type": "Point", "coordinates": [ 72.4534499, 23.1429818 ] } },
{ "type": "Feature", "properties": { "osm_id": 1003080745, "osm_type": "way", "latitude": 23.1429398, "longitude": 72.4510843, "name": null, "industrial": null, "landuse": null, "man_made": null, "power": "generator", "product": null, "operator": null, "works": null }, "geometry": { "type": "Point", "coordinates": [ 72.4510843, 23.1429398 ] } },
{ "type": "Feature", "properties": { "osm_id": 1003080746, "osm_type": "way", "latitude": 23.1444221, "longitude": 72.4504995, "name": null, "industrial": null, "landuse": null, "man_made": null, "power": "generator", "product": null, "operator": null, "works": null }, "geometry": { "type": "Point", "coordinates": [ 72.4504995, 23.1444221 ] } },
{ "type": "Feature", "properties": { "osm_id": 1003091532, "osm_type": "way", "latitude": 23.177695, "longitude": 72.4406968, "name": null, "industrial": null, "landuse": "industrial", "man_made": null, "power": "plant", "product": null, "operator": null, "works": null }, "geometry": { "type": "Point", "coordinates": [ 72.4406968, 23.177695 ] } },
{ "type": "Feature", "properties": { "osm_id": 1003091533, "osm_type": "way", "latitude": 23.1534609, "longitude": 72.6693383, "name": "PDPU Solar Park", "industrial": null, "landuse": null, "man_made": null, "power": "plant", "product": null, "operator": null, "works": null }, "geometry": { "type": "Point", "coordinates": [ 72.6693383, 23.1534609 ] } },
{ "type": "Feature", "properties": { "osm_id": 1009227072, "osm_type": "way", "latitude": 23.0101604, "longitude": 72.2681449, "name": null, "industrial": null, "landuse": null, "man_made": null, "power": "generator", "product": null, "operator": null, "works": null }, "geometry": { "type": "Point", "coordinates": [ 72.2681449, 23.0101604 ] } },
{ "type": "Feature", "properties": { "osm_id": 1009227073, "osm_type": "way", "latitude": 23.011401, "longitude": 72.266146, "name": null, "industrial": null, "landuse": null, "man_made": null, "power": "generator", "product": null, "operator": null, "works": null }, "geometry": { "type": "Point", "coordinates": [ 72.266146, 23.011401 ] } },
{ "type": "Feature", "properties": { "osm_id": 1009227074, "osm_type": "way", "latitude": 23.0108455, "longitude": 72.2654204, "name": null, "industrial": null, "landuse": null, "man_made": null, "power": "generator", "product": null, "operator": null, "works": null }, "geometry": { "type": "Point", "coordinates": [ 72.2654204, 23.0108455 ] } },
{ "type": "Feature", "properties": { "osm_id": 1009227075, "osm_type": "way", "latitude": 23.0123823, "longitude": 72.2655534, "name": null, "industrial": null, "landuse": null, "man_made": null, "power": "generator", "product": null, "operator": null, "works": null }, "geometry": { "type": "Point", "coordinates": [ 72.2655534, 23.0123823 ] } },
{ "type": "Feature", "properties": { "osm_id": 1009227076, "osm_type": "way", "latitude": 23.1395794, "longitude": 72.4558709, "name": null, "industrial": null, "landuse": null, "man_made": null, "power": "generator", "product": null, "operator": null, "works": null }, "geometry": { "type": "Point", "coordinates": [ 72.4558709, 23.1395794 ] } },
{ "type": "Feature", "properties": { "osm_id": 1009227077, "osm_type": "way", "latitude": 23.1397332, "longitude": 72.4550875, "name": null, "industrial": null, "landuse": null, "man_made": null, "power": "generator", "product": null, "operator": null, "works": null }, "geometry": { "type": "Point", "coordinates": [ 72.4550875, 23.1397332 ] } },
{ "type": "Feature", "properties": { "osm_id": 1050724276, "osm_type": "way", "latitude": 23.008668, "longitude": 72.612387, "name": null, "industrial": null, "landuse": "industrial", "man_made": null, "power": null, "product": null, "operator": null, "works": null }, "geometry": { "type": "Point", "coordinates": [ 72.612387, 23.008668 ] } },
{ "type": "Feature", "properties": { "osm_id": 1107167550, "osm_type": "way", "latitude": 23.0873837, "longitude": 72.5656732, "name": null, "industrial": null, "landuse": "industrial", "man_made": null, "power": null, "product": null, "operator": null, "works": null }, "geometry": { "type": "Point", "coordinates": [ 72.5656732, 23.0873837 ] } },
{ "type": "Feature", "properties": { "osm_id": 1107167575, "osm_type": "way", "latitude": 23.0930088, "longitude": 72.5407907, "name": null, "industrial": null, "landuse": "industrial", "man_made": null, "power": null, "product": null, "operator": null, "works": null }, "geometry": { "type": "Point", "coordinates": [ 72.5407907, 23.0930088 ] } },
{ "type": "Feature", "properties": { "osm_id": 1107167576, "osm_type": "way", "latitude": 23.0929249, "longitude": 72.5360084, "name": null, "industrial": null, "landuse": "industrial", "man_made": null, "power": null, "product": null, "operator": null, "works": null }, "geometry": { "type": "Point", "coordinates": [ 72.5360084, 23.0929249 ] } },
{ "type": "Feature", "properties": { "osm_id": 1107179896, "osm_type": "way", "latitude": 23.0910252, "longitude": 72.591935, "name": null, "industrial": null, "landuse": "industrial", "man_made": null, "power": null, "product": null, "operator": null, "works": null }, "geometry": { "type": "Point", "coordinates": [ 72.591935, 23.0910252 ] } },
{ "type": "Feature", "properties": { "osm_id": 1107267300, "osm_type": "way", "latitude": 23.0722771, "longitude": 72.5640536, "name": null, "industrial": "depot", "landuse": "industrial", "man_made": null, "power": null, "product": null, "operator": null, "works": null }, "geometry": { "type": "Point", "coordinates": [ 72.5640536, 23.0722771 ] } },
{ "type": "Feature", "properties": { "osm_id": 1107267301, "osm_type": "way", "latitude": 23.0707867, "longitude": 72.5717434, "name": null, "industrial": null, "landuse": "industrial", "man_made": null, "power": null, "product": null, "operator": null, "works": null }, "geometry": { "type": "Point", "coordinates": [ 72.5717434, 23.0707867 ] } },
{ "type": "Feature", "properties": { "osm_id": 1202581107, "osm_type": "way", "latitude": 23.1236746, "longitude": 72.6117043, "name": null, "industrial": null, "landuse": "industrial", "man_made": null, "power": null, "product": null, "operator": null, "works": null }, "geometry": { "type": "Point", "coordinates": [ 72.6117043, 23.1236746 ] } },
{ "type": "Feature", "properties": { "osm_id": 1222271351, "osm_type": "way", "latitude": 23.0102295, "longitude": 72.6617803, "name": "Vastral Bus Depot", "industrial": "bus_depot", "landuse": "industrial", "man_made": null, "power": null, "product": null, "operator": null, "works": null }, "geometry": { "type": "Point", "coordinates": [ 72.6617803, 23.0102295 ] } },
{ "type": "Feature", "properties": { "osm_id": 1281166898, "osm_type": "way", "latitude": 23.2098859, "longitude": 72.6845961, "name": "Hostel Power", "industrial": null, "landuse": "industrial", "man_made": null, "power": "plant", "product": null, "operator": null, "works": null }, "geometry": { "type": "Point", "coordinates": [ 72.6845961, 23.2098859 ] } },
{ "type": "Feature", "properties": { "osm_id": 1304593474, "osm_type": "way", "latitude": 23.0662163, "longitude": 72.5750686, "name": null, "industrial": null, "landuse": "industrial", "man_made": null, "power": null, "product": null, "operator": null, "works": null }, "geometry": { "type": "Point", "coordinates": [ 72.5750686, 23.0662163 ] } },
{ "type": "Feature", "properties": { "osm_id": 1304593477, "osm_type": "way", "latitude": 23.0601586, "longitude": 72.5758062, "name": null, "industrial": null, "landuse": "industrial", "man_made": null, "power": null, "product": null, "operator": null, "works": null }, "geometry": { "type": "Point", "coordinates": [ 72.5758062, 23.0601586 ] } },
{ "type": "Feature", "properties": { "osm_id": 1304610116, "osm_type": "way", "latitude": 22.9966485, "longitude": 72.5572281, "name": null, "industrial": null, "landuse": "industrial", "man_made": null, "power": null, "product": null, "operator": null, "works": null }, "geometry": { "type": "Point", "coordinates": [ 72.5572281, 22.9966485 ] } },
{ "type": "Feature", "properties": { "osm_id": 1304616330, "osm_type": "way", "latitude": 23.0929738, "longitude": 72.5916492, "name": null, "industrial": null, "landuse": "industrial", "man_made": null, "power": null, "product": null, "operator": null, "works": null }, "geometry": { "type": "Point", "coordinates": [ 72.5916492, 23.0929738 ] } },
{ "type": "Feature", "properties": { "osm_id": 1304630200, "osm_type": "way", "latitude": 23.0859812, "longitude": 72.5904727, "name": null, "industrial": null, "landuse": "industrial", "man_made": null, "power": null, "product": null, "operator": null, "works": null }, "geometry": { "type": "Point", "coordinates": [ 72.5904727, 23.0859812 ] } },
{ "type": "Feature", "properties": { "osm_id": 1304630205, "osm_type": "way", "latitude": 23.0927204, "longitude": 72.5877973, "name": null, "industrial": null, "landuse": "industrial", "man_made": null, "power": null, "product": null, "operator": null, "works": null }, "geometry": { "type": "Point", "coordinates": [ 72.5877973, 23.0927204 ] } },
{ "type": "Feature", "properties": { "osm_id": 1304637890, "osm_type": "way", "latitude": 23.0690251, "longitude": 72.5802965, "name": null, "industrial": null, "landuse": "industrial", "man_made": null, "power": null, "product": null, "operator": null, "works": null }, "geometry": { "type": "Point", "coordinates": [ 72.5802965, 23.0690251 ] } },
{ "type": "Feature", "properties": { "osm_id": 1304654813, "osm_type": "way", "latitude": 23.071245, "longitude": 72.5652296, "name": null, "industrial": null, "landuse": "industrial", "man_made": null, "power": null, "product": null, "operator": null, "works": null }, "geometry": { "type": "Point", "coordinates": [ 72.5652296, 23.071245 ] } },
{ "type": "Feature", "properties": { "osm_id": 1304654825, "osm_type": "way", "latitude": 23.0726289, "longitude": 72.563165, "name": null, "industrial": null, "landuse": "industrial", "man_made": null, "power": null, "product": null, "operator": null, "works": null }, "geometry": { "type": "Point", "coordinates": [ 72.563165, 23.0726289 ] } },
{ "type": "Feature", "properties": { "osm_id": 1304783873, "osm_type": "way", "latitude": 23.0611044, "longitude": 72.5458364, "name": null, "industrial": null, "landuse": "industrial", "man_made": null, "power": null, "product": null, "operator": null, "works": null }, "geometry": { "type": "Point", "coordinates": [ 72.5458364, 23.0611044 ] } },
{ "type": "Feature", "properties": { "osm_id": 1304783875, "osm_type": "way", "latitude": 23.0562063, "longitude": 72.5428354, "name": null, "industrial": null, "landuse": "industrial", "man_made": null, "power": null, "product": null, "operator": null, "works": null }, "geometry": { "type": "Point", "coordinates": [ 72.5428354, 23.0562063 ] } },
{ "type": "Feature", "properties": { "osm_id": 1304792133, "osm_type": "way", "latitude": 23.0577922, "longitude": 72.5573503, "name": null, "industrial": null, "landuse": "industrial", "man_made": null, "power": null, "product": null, "operator": null, "works": null }, "geometry": { "type": "Point", "coordinates": [ 72.5573503, 23.0577922 ] } },
{ "type": "Feature", "properties": { "osm_id": 1305013760, "osm_type": "way", "latitude": 23.0571105, "longitude": 72.5637767, "name": null, "industrial": null, "landuse": "industrial", "man_made": null, "power": null, "product": null, "operator": null, "works": null }, "geometry": { "type": "Point", "coordinates": [ 72.5637767, 23.0571105 ] } },
{ "type": "Feature", "properties": { "osm_id": 1305046430, "osm_type": "way", "latitude": 23.0417585, "longitude": 72.5953314, "name": null, "industrial": null, "landuse": "industrial", "man_made": null, "power": null, "product": null, "operator": null, "works": null }, "geometry": { "type": "Point", "coordinates": [ 72.5953314, 23.0417585 ] } },
{ "type": "Feature", "properties": { "osm_id": 1305667838, "osm_type": "way", "latitude": 23.0449209, "longitude": 72.5390469, "name": null, "industrial": null, "landuse": "industrial", "man_made": null, "power": null, "product": null, "operator": null, "works": null }, "geometry": { "type": "Point", "coordinates": [ 72.5390469, 23.0449209 ] } },
{ "type": "Feature", "properties": { "osm_id": 1305673502, "osm_type": "way", "latitude": 23.0396707, "longitude": 72.5333226, "name": null, "industrial": null, "landuse": "industrial", "man_made": null, "power": null, "product": null, "operator": null, "works": null }, "geometry": { "type": "Point", "coordinates": [ 72.5333226, 23.0396707 ] } },
{ "type": "Feature", "properties": { "osm_id": 1305699785, "osm_type": "way", "latitude": 23.0489428, "longitude": 72.5185041, "name": null, "industrial": null, "landuse": "industrial", "man_made": null, "power": null, "product": null, "operator": null, "works": null }, "geometry": { "type": "Point", "coordinates": [ 72.5185041, 23.0489428 ] } },
{ "type": "Feature", "properties": { "osm_id": 1305930503, "osm_type": "way", "latitude": 23.0491728, "longitude": 72.50042, "name": null, "industrial": null, "landuse": "industrial", "man_made": null, "power": null, "product": null, "operator": null, "works": null }, "geometry": { "type": "Point", "coordinates": [ 72.50042, 23.0491728 ] } },
{ "type": "Feature", "properties": { "osm_id": 1306153952, "osm_type": "way", "latitude": 23.0624145, "longitude": 72.5183623, "name": null, "industrial": null, "landuse": "industrial", "man_made": null, "power": null, "product": null, "operator": null, "works": null }, "geometry": { "type": "Point", "coordinates": [ 72.5183623, 23.0624145 ] } },
{ "type": "Feature", "properties": { "osm_id": 1306153958, "osm_type": "way", "latitude": 23.0540932, "longitude": 72.5081959, "name": null, "industrial": null, "landuse": "industrial", "man_made": null, "power": null, "product": null, "operator": null, "works": null }, "geometry": { "type": "Point", "coordinates": [ 72.5081959, 23.0540932 ] } },
{ "type": "Feature", "properties": { "osm_id": 1306153984, "osm_type": "way", "latitude": 23.057587, "longitude": 72.5068762, "name": null, "industrial": null, "landuse": "industrial", "man_made": null, "power": null, "product": null, "operator": null, "works": null }, "geometry": { "type": "Point", "coordinates": [ 72.5068762, 23.057587 ] } },
{ "type": "Feature", "properties": { "osm_id": 1306307778, "osm_type": "way", "latitude": 23.0643655, "longitude": 72.5140985, "name": null, "industrial": null, "landuse": "industrial", "man_made": null, "power": null, "product": null, "operator": null, "works": null }, "geometry": { "type": "Point", "coordinates": [ 72.5140985, 23.0643655 ] } },
{ "type": "Feature", "properties": { "osm_id": 1306312165, "osm_type": "way", "latitude": 23.063436, "longitude": 72.4867571, "name": null, "industrial": null, "landuse": "industrial", "man_made": null, "power": null, "product": null, "operator": null, "works": null }, "geometry": { "type": "Point", "coordinates": [ 72.4867571, 23.063436 ] } },
{ "type": "Feature", "properties": { "osm_id": 1306312166, "osm_type": "way", "latitude": 23.0611723, "longitude": 72.4938534, "name": null, "industrial": null, "landuse": "industrial", "man_made": null, "power": null, "product": null, "operator": null, "works": null }, "geometry": { "type": "Point", "coordinates": [ 72.4938534, 23.0611723 ] } },
{ "type": "Feature", "properties": { "osm_id": 1306322221, "osm_type": "way", "latitude": 23.0490184, "longitude": 72.4909299, "name": null, "industrial": null, "landuse": "industrial", "man_made": null, "power": null, "product": null, "operator": null, "works": null }, "geometry": { "type": "Point", "coordinates": [ 72.4909299, 23.0490184 ] } },
{ "type": "Feature", "properties": { "osm_id": 1306322228, "osm_type": "way", "latitude": 23.0447645, "longitude": 72.4855288, "name": null, "industrial": null, "landuse": "industrial", "man_made": null, "power": null, "product": null, "operator": null, "works": null }, "geometry": { "type": "Point", "coordinates": [ 72.4855288, 23.0447645 ] } },
{ "type": "Feature", "properties": { "osm_id": 1306322257, "osm_type": "way", "latitude": 23.0468342, "longitude": 72.4917614, "name": null, "industrial": null, "landuse": "industrial", "man_made": null, "power": null, "product": null, "operator": null, "works": null }, "geometry": { "type": "Point", "coordinates": [ 72.4917614, 23.0468342 ] } },
{ "type": "Feature", "properties": { "osm_id": 1307480600, "osm_type": "way", "latitude": 23.0417597, "longitude": 72.5976677, "name": null, "industrial": null, "landuse": "industrial", "man_made": null, "power": null, "product": null, "operator": null, "works": null }, "geometry": { "type": "Point", "coordinates": [ 72.5976677, 23.0417597 ] } },
{ "type": "Feature", "properties": { "osm_id": 1307501924, "osm_type": "way", "latitude": 23.012523, "longitude": 72.6104943, "name": null, "industrial": null, "landuse": "industrial", "man_made": null, "power": null, "product": null, "operator": null, "works": null }, "geometry": { "type": "Point", "coordinates": [ 72.6104943, 23.012523 ] } },
{ "type": "Feature", "properties": { "osm_id": 1307501936, "osm_type": "way", "latitude": 23.0159633, "longitude": 72.6170124, "name": null, "industrial": null, "landuse": "industrial", "man_made": null, "power": null, "product": null, "operator": null, "works": null }, "geometry": { "type": "Point", "coordinates": [ 72.6170124, 23.0159633 ] } },
{ "type": "Feature", "properties": { "osm_id": 1307501957, "osm_type": "way", "latitude": 23.0172301, "longitude": 72.6087627, "name": null, "industrial": null, "landuse": "industrial", "man_made": null, "power": null, "product": null, "operator": null, "works": null }, "geometry": { "type": "Point", "coordinates": [ 72.6087627, 23.0172301 ] } },
{ "type": "Feature", "properties": { "osm_id": 1307916508, "osm_type": "way", "latitude": 23.019649, "longitude": 72.6034638, "name": null, "industrial": null, "landuse": "industrial", "man_made": null, "power": null, "product": null, "operator": null, "works": null }, "geometry": { "type": "Point", "coordinates": [ 72.6034638, 23.019649 ] } },
{ "type": "Feature", "properties": { "osm_id": 1307916511, "osm_type": "way", "latitude": 23.0190387, "longitude": 72.6053929, "name": null, "industrial": null, "landuse": "industrial", "man_made": null, "power": null, "product": null, "operator": null, "works": null }, "geometry": { "type": "Point", "coordinates": [ 72.6053929, 23.0190387 ] } },
{ "type": "Feature", "properties": { "osm_id": 1307916515, "osm_type": "way", "latitude": 23.0195962, "longitude": 72.6083355, "name": null, "industrial": null, "landuse": "industrial", "man_made": null, "power": null, "product": null, "operator": null, "works": null }, "geometry": { "type": "Point", "coordinates": [ 72.6083355, 23.0195962 ] } },
{ "type": "Feature", "properties": { "osm_id": 1308757945, "osm_type": "way", "latitude": 23.0092201, "longitude": 72.6264829, "name": null, "industrial": null, "landuse": "industrial", "man_made": null, "power": null, "product": null, "operator": null, "works": null }, "geometry": { "type": "Point", "coordinates": [ 72.6264829, 23.0092201 ] } },
{ "type": "Feature", "properties": { "osm_id": 1308778625, "osm_type": "way", "latitude": 23.0074408, "longitude": 72.6146432, "name": null, "industrial": null, "landuse": "industrial", "man_made": null, "power": null, "product": null, "operator": null, "works": null }, "geometry": { "type": "Point", "coordinates": [ 72.6146432, 23.0074408 ] } },
{ "type": "Feature", "properties": { "osm_id": 1308802187, "osm_type": "way", "latitude": 23.0070348, "longitude": 72.6211474, "name": null, "industrial": null, "landuse": "industrial", "man_made": null, "power": null, "product": null, "operator": null, "works": null }, "geometry": { "type": "Point", "coordinates": [ 72.6211474, 23.0070348 ] } },
{ "type": "Feature", "properties": { "osm_id": 1319229897, "osm_type": "way", "latitude": 22.963734, "longitude": 72.2563189, "name": null, "industrial": null, "landuse": "industrial", "man_made": null, "power": null, "product": null, "operator": null, "works": null }, "geometry": { "type": "Point", "coordinates": [ 72.2563189, 22.963734 ] } },
{ "type": "Feature", "properties": { "osm_id": 1319229899, "osm_type": "way", "latitude": 22.9683436, "longitude": 72.2568344, "name": null, "industrial": null, "landuse": "industrial", "man_made": null, "power": null, "product": null, "operator": null, "works": null }, "geometry": { "type": "Point", "coordinates": [ 72.2568344, 22.9683436 ] } },
{ "type": "Feature", "properties": { "osm_id": 1319229900, "osm_type": "way", "latitude": 22.968796, "longitude": 72.2534622, "name": null, "industrial": null, "landuse": "industrial", "man_made": null, "power": null, "product": null, "operator": null, "works": null }, "geometry": { "type": "Point", "coordinates": [ 72.2534622, 22.968796 ] } },
{ "type": "Feature", "properties": { "osm_id": 1319229901, "osm_type": "way", "latitude": 22.9707056, "longitude": 72.2570718, "name": null, "industrial": null, "landuse": "industrial", "man_made": null, "power": null, "product": null, "operator": null, "works": null }, "geometry": { "type": "Point", "coordinates": [ 72.2570718, 22.9707056 ] } },
{ "type": "Feature", "properties": { "osm_id": 1319229902, "osm_type": "way", "latitude": 22.9693049, "longitude": 72.2607202, "name": null, "industrial": null, "landuse": "industrial", "man_made": null, "power": null, "product": null, "operator": null, "works": null }, "geometry": { "type": "Point", "coordinates": [ 72.2607202, 22.9693049 ] } },
{ "type": "Feature", "properties": { "osm_id": 1319844105, "osm_type": "way", "latitude": 23.0255148, "longitude": 72.3851991, "name": null, "industrial": null, "landuse": "industrial", "man_made": "container_terminal", "power": null, "product": null, "operator": null, "works": null }, "geometry": { "type": "Point", "coordinates": [ 72.3851991, 23.0255148 ] } },
{ "type": "Feature", "properties": { "osm_id": 1328752901, "osm_type": "way", "latitude": 23.1253348, "longitude": 72.598302, "name": null, "industrial": null, "landuse": "industrial", "man_made": null, "power": null, "product": null, "operator": null, "works": null }, "geometry": { "type": "Point", "coordinates": [ 72.598302, 23.1253348 ] } },
{ "type": "Feature", "properties": { "osm_id": 1329924110, "osm_type": "way", "latitude": 23.1107389, "longitude": 72.6068681, "name": null, "industrial": null, "landuse": "industrial", "man_made": null, "power": null, "product": null, "operator": null, "works": null }, "geometry": { "type": "Point", "coordinates": [ 72.6068681, 23.1107389 ] } },
{ "type": "Feature", "properties": { "osm_id": 1335922923, "osm_type": "way", "latitude": 23.1580785, "longitude": 72.6605129, "name": null, "industrial": null, "landuse": "industrial", "man_made": null, "power": null, "product": null, "operator": null, "works": null }, "geometry": { "type": "Point", "coordinates": [ 72.6605129, 23.1580785 ] } },
{ "type": "Feature", "properties": { "osm_id": 1336748410, "osm_type": "way", "latitude": 23.1899861, "longitude": 72.620379, "name": null, "industrial": null, "landuse": "industrial", "man_made": null, "power": null, "product": null, "operator": null, "works": null }, "geometry": { "type": "Point", "coordinates": [ 72.620379, 23.1899861 ] } },
{ "type": "Feature", "properties": { "osm_id": 1336760648, "osm_type": "way", "latitude": 23.1826158, "longitude": 72.6247556, "name": null, "industrial": null, "landuse": "industrial", "man_made": null, "power": null, "product": null, "operator": null, "works": null }, "geometry": { "type": "Point", "coordinates": [ 72.6247556, 23.1826158 ] } },
{ "type": "Feature", "properties": { "osm_id": 1336793373, "osm_type": "way", "latitude": 23.1815016, "longitude": 72.6321477, "name": null, "industrial": null, "landuse": "industrial", "man_made": null, "power": null, "product": null, "operator": null, "works": null }, "geometry": { "type": "Point", "coordinates": [ 72.6321477, 23.1815016 ] } },
{ "type": "Feature", "properties": { "osm_id": 1337950138, "osm_type": "way", "latitude": 23.1560609, "longitude": 72.6370684, "name": null, "industrial": null, "landuse": "industrial", "man_made": null, "power": null, "product": null, "operator": null, "works": null }, "geometry": { "type": "Point", "coordinates": [ 72.6370684, 23.1560609 ] } },
{ "type": "Feature", "properties": { "osm_id": 1337975506, "osm_type": "way", "latitude": 23.1212771, "longitude": 72.6055875, "name": null, "industrial": null, "landuse": "industrial", "man_made": null, "power": null, "product": null, "operator": null, "works": null }, "geometry": { "type": "Point", "coordinates": [ 72.6055875, 23.1212771 ] } },
{ "type": "Feature", "properties": { "osm_id": 1360909943, "osm_type": "way", "latitude": 23.0706255, "longitude": 72.6162179, "name": "Ahmedabad Airport Bus Depot", "industrial": "bus_depot", "landuse": "industrial", "man_made": null, "power": null, "product": null, "operator": null, "works": null }, "geometry": { "type": "Point", "coordinates": [ 72.6162179, 23.0706255 ] } },
{ "type": "Feature", "properties": { "osm_id": 1374932454, "osm_type": "way", "latitude": 23.1911579, "longitude": 72.6297163, "name": null, "industrial": null, "landuse": null, "man_made": null, "power": "generator", "product": null, "operator": null, "works": null }, "geometry": { "type": "Point", "coordinates": [ 72.6297163, 23.1911579 ] } },
{ "type": "Feature", "properties": { "osm_id": 1374932455, "osm_type": "way", "latitude": 23.1910964, "longitude": 72.6297078, "name": null, "industrial": null, "landuse": null, "man_made": null, "power": "generator", "product": null, "operator": null, "works": null }, "geometry": { "type": "Point", "coordinates": [ 72.6297078, 23.1910964 ] } },
{ "type": "Feature", "properties": { "osm_id": 1374932459, "osm_type": "way", "latitude": 23.1910308, "longitude": 72.6296986, "name": null, "industrial": null, "landuse": null, "man_made": null, "power": "generator", "product": null, "operator": null, "works": null }, "geometry": { "type": "Point", "coordinates": [ 72.6296986, 23.1910308 ] } },
{ "type": "Feature", "properties": { "osm_id": 1375085835, "osm_type": "way", "latitude": 23.1870265, "longitude": 72.6277748, "name": null, "industrial": null, "landuse": null, "man_made": null, "power": "generator", "product": null, "operator": null, "works": null }, "geometry": { "type": "Point", "coordinates": [ 72.6277748, 23.1870265 ] } },
{ "type": "Feature", "properties": { "osm_id": 1378877884, "osm_type": "way", "latitude": 23.1823969, "longitude": 72.3580807, "name": null, "industrial": null, "landuse": "industrial", "man_made": null, "power": null, "product": null, "operator": null, "works": null }, "geometry": { "type": "Point", "coordinates": [ 72.3580807, 23.1823969 ] } },
{ "type": "Feature", "properties": { "osm_id": 1381311459, "osm_type": "way", "latitude": 23.2004179, "longitude": 72.3463586, "name": null, "industrial": null, "landuse": "industrial", "man_made": null, "power": null, "product": null, "operator": null, "works": null }, "geometry": { "type": "Point", "coordinates": [ 72.3463586, 23.2004179 ] } },
{ "type": "Feature", "properties": { "osm_id": 1392906565, "osm_type": "way", "latitude": 23.0813721, "longitude": 72.3012111, "name": "Canal Solar Power Project", "industrial": null, "landuse": null, "man_made": null, "power": "plant", "product": null, "operator": null, "works": null }, "geometry": { "type": "Point", "coordinates": [ 72.3012111, 23.0813721 ] } },
{ "type": "Feature", "properties": { "osm_id": 1392931398, "osm_type": "way", "latitude": 23.1225583, "longitude": 72.4206681, "name": null, "industrial": null, "landuse": "industrial", "man_made": null, "power": null, "product": null, "operator": null, "works": null }, "geometry": { "type": "Point", "coordinates": [ 72.4206681, 23.1225583 ] } },
{ "type": "Feature", "properties": { "osm_id": 1416039839, "osm_type": "way", "latitude": 23.1858659, "longitude": 72.6289663, "name": "DG Room", "industrial": null, "landuse": null, "man_made": null, "power": "generator", "product": null, "operator": null, "works": null }, "geometry": { "type": "Point", "coordinates": [ 72.6289663, 23.1858659 ] } },
{ "type": "Feature", "properties": { "osm_id": 1416039862, "osm_type": "way", "latitude": 23.1948528, "longitude": 72.6220996, "name": null, "industrial": null, "landuse": "industrial", "man_made": "wastewater_plant", "power": null, "product": null, "operator": null, "works": null }, "geometry": { "type": "Point", "coordinates": [ 72.6220996, 23.1948528 ] } },
{ "type": "Feature", "properties": { "osm_id": 1416058026, "osm_type": "way", "latitude": 23.1872913, "longitude": 72.6279794, "name": null, "industrial": null, "landuse": null, "man_made": null, "power": "generator", "product": null, "operator": null, "works": null }, "geometry": { "type": "Point", "coordinates": [ 72.6279794, 23.1872913 ] } },
{ "type": "Feature", "properties": { "osm_id": 1416058027, "osm_type": "way", "latitude": 23.1872026, "longitude": 72.6279989, "name": null, "industrial": null, "landuse": null, "man_made": null, "power": "generator", "product": null, "operator": null, "works": null }, "geometry": { "type": "Point", "coordinates": [ 72.6279989, 23.1872026 ] } },
{ "type": "Feature", "properties": { "osm_id": 1416058028, "osm_type": "way", "latitude": 23.1869613, "longitude": 72.6281893, "name": null, "industrial": null, "landuse": null, "man_made": null, "power": "generator", "product": null, "operator": null, "works": null }, "geometry": { "type": "Point", "coordinates": [ 72.6281893, 23.1869613 ] } },
{ "type": "Feature", "properties": { "osm_id": 1416058029, "osm_type": "way", "latitude": 23.1870373, "longitude": 72.6281855, "name": null, "industrial": null, "landuse": null, "man_made": null, "power": "generator", "product": null, "operator": null, "works": null }, "geometry": { "type": "Point", "coordinates": [ 72.6281855, 23.1870373 ] } },
{ "type": "Feature", "properties": { "osm_id": 1416058030, "osm_type": "way", "latitude": 23.1871189, "longitude": 72.6281845, "name": null, "industrial": null, "landuse": null, "man_made": null, "power": "generator", "product": null, "operator": null, "works": null }, "geometry": { "type": "Point", "coordinates": [ 72.6281845, 23.1871189 ] } },
{ "type": "Feature", "properties": { "osm_id": 1416058031, "osm_type": "way", "latitude": 23.1868992, "longitude": 72.6280073, "name": null, "industrial": null, "landuse": null, "man_made": null, "power": "generator", "product": null, "operator": null, "works": null }, "geometry": { "type": "Point", "coordinates": [ 72.6280073, 23.1868992 ] } },
{ "type": "Feature", "properties": { "osm_id": 1416058032, "osm_type": "way", "latitude": 23.1868166, "longitude": 72.6280001, "name": null, "industrial": null, "landuse": null, "man_made": null, "power": "generator", "product": null, "operator": null, "works": null }, "geometry": { "type": "Point", "coordinates": [ 72.6280001, 23.1868166 ] } },
{ "type": "Feature", "properties": { "osm_id": 1416058033, "osm_type": "way", "latitude": 23.1868441, "longitude": 72.6278377, "name": null, "industrial": null, "landuse": null, "man_made": null, "power": "generator", "product": null, "operator": null, "works": null }, "geometry": { "type": "Point", "coordinates": [ 72.6278377, 23.1868441 ] } },
{ "type": "Feature", "properties": { "osm_id": 1416058034, "osm_type": "way", "latitude": 23.1867604, "longitude": 72.6278435, "name": null, "industrial": null, "landuse": null, "man_made": null, "power": "generator", "product": null, "operator": null, "works": null }, "geometry": { "type": "Point", "coordinates": [ 72.6278435, 23.1867604 ] } },
{ "type": "Feature", "properties": { "osm_id": 1416058035, "osm_type": "way", "latitude": 23.1867572, "longitude": 72.6277587, "name": null, "industrial": null, "landuse": null, "man_made": null, "power": "generator", "product": null, "operator": null, "works": null }, "geometry": { "type": "Point", "coordinates": [ 72.6277587, 23.1867572 ] } },
{ "type": "Feature", "properties": { "osm_id": 1416058036, "osm_type": "way", "latitude": 23.1868453, "longitude": 72.6277587, "name": null, "industrial": null, "landuse": null, "man_made": null, "power": "generator", "product": null, "operator": null, "works": null }, "geometry": { "type": "Point", "coordinates": [ 72.6277587, 23.1868453 ] } },
{ "type": "Feature", "properties": { "osm_id": 13207520, "osm_type": "relation", "latitude": 23.0150607, "longitude": 72.3578696, "name": null, "industrial": null, "landuse": null, "man_made": null, "power": "generator", "product": null, "operator": null, "works": null }, "geometry": { "type": "Point", "coordinates": [ 72.3578696, 23.0150607 ] } },
{ "type": "Feature", "properties": { "osm_id": 13478804, "osm_type": "relation", "latitude": 23.1776974, "longitude": 72.4406853, "name": null, "industrial": null, "landuse": null, "man_made": null, "power": "generator", "product": null, "operator": null, "works": null }, "geometry": { "type": "Point", "coordinates": [ 72.4406853, 23.1776974 ] } },
{ "type": "Feature", "properties": { "osm_id": 13512293, "osm_type": "relation", "latitude": 23.1534079, "longitude": 72.6693142, "name": null, "industrial": null, "landuse": null, "man_made": null, "power": "generator", "product": null, "operator": null, "works": null }, "geometry": { "type": "Point", "coordinates": [ 72.6693142, 23.1534079 ] } }
]
}
